Brand,Model,Year,Engine_CC,Power_BHP,Fuel_Type,Transmission,Owner_Type,KM_Driven,Price_USD
Ford,Focus,2019,1500,92.6,Diesel,Automatic,First,48660,16535.59
Mercedes,GLE,2021,2200,123.2,Diesel,Automatic,First,29800,69309.12
BMW,M3,2011,2100,112.6,Petrol,Manual,Third,108661,11342.69
Toyota,Camry,2008,900,60.0,Petrol,Automatic,First,114224,4060.91
Nissan,Murano,2012,1200,66.9,Hybrid,Automatic,First,93249,5364.86
Toyota,Camry,2005,1100,70.8,Petrol,Manual,Second,243156,2561.24
Nissan,Murano,2006,1400,94.3,Petrol,Automatic,Second,203417,2661.13
Chevrolet,Camaro,2018,1300,72.4,Petrol,Automatic,First,67076,11118.6
Nissan,Pathfinder,2019,900,60.0,Hybrid,Manual,First,75374,10889.78
Nissan,Rogue,2011,1300,62.8,Electric,Manual,Second,113342,4838.28
Hyundai,Sonata,2016,800,60.0,Petrol,Manual,First,95491,6276.81
Hyundai,Kona,2021,800,60.0,Electric,Manual,Third,32616,9599.2
Hyundai,Kona,2016,900,60.0,Petrol,Automatic,Second,96756,5818.55
Ford,Mustang,2013,1400,94.1,Petrol,Manual,First,160874,6242.16
Honda,Pilot,2013,1000,60.0,Diesel,Automatic,Third,92951,5052.04
Mercedes,GLE,2021,2700,151.1,Petrol,Manual,Second,31687,50846.12
Hyundai,Tucson,2005,1100,69.0,Diesel,Manual,First,231881,2403.0
Honda,Civic,2008,1500,92.1,Petrol,Manual,Second,190506,3012.79
Toyota,RAV4,2018,1200,74.7,Diesel,Automatic,First,88688,12481.56
Honda,CR-V,2008,1300,69.3,Petrol,Automatic,First,228638,3016.65
Kia,Optima,2005,1100,64.4,Petrol,Manual,Second,157074,2252.51
Nissan,Altima,2012,800,60.0,Diesel,Automatic,First,123781,4980.55
Nissan,Sentra,2011,1400,83.5,Diesel,Automatic,Second,130254,3737.41
Audi,Q5,2021,2000,110.6,Petrol,Automatic,First,22723,49973.27
Audi,Q7,2010,2500,145.8,Petrol,Automatic,First,170846,12073.71
Honda,Pilot,2009,1000,60.0,Petrol,Manual,First,186496,3235.99
Honda,Civic,2012,900,68.7,Electric,Automatic,First,102536,6378.91
Toyota,Camry,2018,1000,62.0,Electric,Manual,First,80391,11453.04
Hyundai,Sonata,2014,2000,110.8,Electric,Automatic,First,156901,5801.97
Chevrolet,Silverado,2022,1600,92.5,Diesel,Manual,Second,29626,18328.42
Honda,HR-V,2017,800,60.0,Petrol,Automatic,First,67584,9208.94
Honda,Pilot,2022,1500,76.2,Diesel,Automatic,Second,28507,15938.41
Chevrolet,Malibu,2007,1500,80.5,Petrol,Automatic,Second,175244,3607.5
Toyota,Camry,2021,1500,80.1,Diesel,Automatic,First,42330,17410.8
Kia,Soul,2019,800,60.0,Petrol,Manual,Second,78763,7386.62
Chevrolet,Camaro,2012,1300,83.0,Petrol,Automatic,Second,108275,5720.1
Toyota,Prius,2016,1200,60.0,Diesel,Automatic,Third,70223,7600.65
Hyundai,Kona,2021,800,60.0,Petrol,Automatic,First,40551,12404.64
Hyundai,Elantra,2022,1400,70.0,Petrol,Manual,First,20137,12906.25
Honda,Pilot,2012,900,60.0,Petrol,Automatic,First,216294,4032.74
Hyundai,Kona,2017,1200,80.8,Electric,Automatic,Third,73367,6845.08
Chevrolet,Malibu,2015,1200,68.8,Diesel,Automatic,Third,74382,6663.02
Honda,Pilot,2021,1600,94.0,Diesel,Automatic,Third,29430,12296.85
Honda,HR-V,2017,1000,60.0,Petrol,Automatic,Second,72424,8469.84
Ford,Mustang,2016,1600,101.7,Diesel,Automatic,First,76272,12467.99
Ford,Explorer,2006,900,65.8,Petrol,Automatic,Second,115980,4418.73
BMW,5 Series,2010,2200,120.2,Petrol,Manual,Second,109576,12457.57
BMW,M3,2022,2200,108.2,Diesel,Manual,Second,14501,51689.73
Mercedes,GLE,2018,2300,128.6,Petrol,Automatic,Second,60475,41480.33
Honda,Accord,2018,1400,85.5,Petrol,Automatic,First,54360,11800.97
Mercedes,A-Class,2022,2300,112.3,Petrol,Automatic,First,14712,81335.54
Chevrolet,Camaro,2022,1600,83.6,Petrol,Automatic,Second,27532,17290.32
Ford,F-150,2006,1200,60.0,Petrol,Automatic,First,279988,3766.52
Nissan,Altima,2010,1400,60.3,Diesel,Automatic,Second,164609,3296.49
Ford,Explorer,2005,1300,72.9,Diesel,Automatic,Second,239028,3635.89
Ford,F-150,2009,900,60.0,Petrol,Automatic,First,219742,4096.33
Audi,Q5,2021,1900,92.1,Hybrid,Automatic,First,39417,53466.81
Chevrolet,Traverse,2009,1500,91.2,Hybrid,Automatic,First,171335,4382.72
BMW,X3,2010,1900,88.4,Diesel,Automatic,Second,120501,13263.64
BMW,X3,2011,1800,98.9,Diesel,Automatic,First,199519,14992.63
Kia,Optima,2005,1200,60.0,Diesel,Automatic,First,321405,2357.32
Ford,Focus,2019,1100,70.1,Hybrid,Manual,First,81532,16419.14
Mercedes,GLC,2009,2400,117.5,Hybrid,Automatic,First,209110,14508.52
Hyundai,Tucson,2016,900,60.0,Petrol,Automatic,Second,108837,5441.31
Honda,Civic,2005,1000,60.0,Hybrid,Automatic,Second,251447,3001.8
Nissan,Sentra,2011,800,60.0,Petrol,Automatic,First,96148,4398.6
Mercedes,A-Class,2005,2400,120.9,Petrol,Automatic,Second,330015,10667.11
Honda,CR-V,2021,1100,74.4,Petrol,Automatic,Second,500,13924.17
Mercedes,GLE,2005,2700,145.6,Petrol,Manual,Second,272239,9862.42
Mercedes,GLC,2012,2800,141.8,Petrol,Automatic,First,168466,19199.18
Hyundai,Tucson,2020,1200,62.9,Petrol,Automatic,First,45658,11427.54
Chevrolet,Silverado,2015,1200,73.6,Petrol,Automatic,Second,67700,7056.63
BMW,X5,2007,2200,132.0,Electric,Automatic,First,210577,12837.84
Honda,Accord,2017,1100,60.0,Petrol,Manual,Second,71296,8141.22
Hyundai,Sonata,2014,1300,76.2,Diesel,Manual,Second,117272,4716.68
Honda,HR-V,2021,1500,79.0,Petrol,Automatic,First,30615,16525.82
Ford,Explorer,2008,2000,107.0,Diesel,Manual,Second,173881,3989.73
Toyota,RAV4,2017,800,60.0,Petrol,Automatic,First,64362,10294.73
Audi,A3,2011,2000,103.4,Petrol,Manual,First,186936,10641.89
Kia,Sportage,2012,1000,60.0,Diesel,Automatic,Second,128414,3741.05
Hyundai,Elantra,2017,800,60.0,Diesel,Manual,Second,77590,6348.9
BMW,M3,2022,2200,142.9,Diesel,Manual,First,19670,65001.25
Audi,A6,2006,2500,118.5,Hybrid,Automatic,First,232415,10670.13
Mercedes,A-Class,2014,2800,149.6,Hybrid,Automatic,First,97398,30601.29
Honda,Civic,2014,800,60.0,Petrol,Manual,First,137357,5267.97
Nissan,Altima,2019,1300,69.8,Petrol,Automatic,First,59164,10804.49
Honda,Pilot,2008,1200,90.6,Petrol,Automatic,Second,139366,3236.51
Chevrolet,Camaro,2009,1100,66.8,Diesel,Manual,First,290966,2946.37
Mercedes,C-Class,2007,3200,185.4,Hybrid,Manual,First,161977,15486.39
Toyota,Camry,2007,1400,83.6,Electric,Automatic,Second,268853,3257.94
Ford,Explorer,2009,1400,87.3,Petrol,Automatic,Third,144422,3691.27
Nissan,Altima,2010,1700,90.8,Diesel,Automatic,First,150872,3673.81
Nissan,Murano,2010,1400,76.1,Petrol,Automatic,Third,132470,2701.89
Honda,HR-V,2018,1400,74.8,Petrol,Automatic,First,81346,10515.74
Ford,Focus,2008,1500,76.5,Petrol,Automatic,Third,144810,3466.12
Hyundai,Santa Fe,2016,1600,103.7,Petrol,Manual,First,91645,6795.91
Honda,HR-V,2008,1300,81.4,Petrol,Automatic,First,252401,2920.24
Kia,Stinger,2010,800,60.0,Hybrid,Automatic,First,125066,3682.29
Nissan,Murano,2022,1200,63.7,Hybrid,Automatic,Third,24797,13966.9
Audi,Q7,2007,2300,142.9,Petrol,Automatic,First,282380,8193.28
Honda,Pilot,2006,1000,60.0,Hybrid,Manual,First,134271,4073.06
Chevrolet,Traverse,2013,1400,101.0,Petrol,Automatic,First,133878,7044.77
Toyota,Highlander,2005,900,60.0,Diesel,Manual,First,333672,2998.84
Honda,Civic,2012,1300,89.6,Diesel,Automatic,First,158851,5261.97
Chevrolet,Traverse,2011,1300,86.5,Diesel,Automatic,Second,192829,4562.01
BMW,X3,2018,2600,142.8,Petrol,Manual,Second,105931,29038.93
Honda,Civic,2007,800,60.0,Petrol,Automatic,First,188591,3323.02
Chevrolet,Camaro,2008,1400,86.5,Diesel,Automatic,First,331370,3527.66
Ford,Escape,2006,1000,60.0,Diesel,Automatic,Second,248671,3579.51
Ford,F-150,2016,1200,64.9,Petrol,Automatic,First,77337,10579.46
Audi,A3,2006,2400,129.0,Petrol,Automatic,First,216442,8651.81
Honda,CR-V,2014,1600,98.0,Petrol,Manual,First,97404,6202.48
Audi,A3,2015,2200,125.3,Diesel,Automatic,First,137011,21505.94
Honda,Accord,2013,1100,60.0,Diesel,Automatic,First,96896,6494.51
Mercedes,GLE,2014,2500,141.5,Petrol,Automatic,Second,101136,25095.34
Toyota,Prius,2020,800,60.0,Electric,Automatic,First,35986,17945.93
Kia,Sorento,2005,1700,92.9,Hybrid,Automatic,Second,215980,2521.69
Honda,HR-V,2020,1500,81.9,Diesel,Manual,Second,47318,12274.07
Audi,A3,2015,2400,137.7,Hybrid,Automatic,First,130656,25232.54
Toyota,Camry,2019,1200,74.7,Diesel,Automatic,Second,29645,14524.94
BMW,5 Series,2015,1600,81.2,Diesel,Automatic,Second,102075,22441.38
Ford,Escape,2009,1400,90.8,Petrol,Automatic,First,208349,4302.23
Kia,Stinger,2015,1000,60.0,Petrol,Automatic,Second,75722,4797.37
Ford,Explorer,2019,1400,69.8,Diesel,Automatic,First,78087,15979.3
Chevrolet,Camaro,2011,1300,79.5,Petrol,Automatic,First,163218,4917.07
Audi,A4,2013,2800,155.8,Diesel,Manual,First,132667,17056.81
Ford,Explorer,2008,1100,82.0,Petrol,Automatic,First,136544,5015.11
Honda,Civic,2020,1300,60.0,Petrol,Manual,First,54296,12806.89
Toyota,RAV4,2011,1500,93.5,Diesel,Automatic,First,165133,4517.7
Toyota,Prius,2005,1400,88.6,Diesel,Automatic,First,145755,4222.28
Hyundai,Santa Fe,2012,800,60.0,Hybrid,Automatic,First,178752,3943.84
Toyota,Highlander,2008,1800,95.7,Electric,Automatic,Second,124950,4437.57
Toyota,Highlander,2012,900,60.0,Hybrid,Automatic,First,188380,6051.89
Toyota,Camry,2020,1400,74.1,Diesel,Manual,First,37322,13898.76
Ford,Mustang,2013,1500,77.2,Diesel,Automatic,First,197224,6566.05
Ford,F-150,2017,800,60.0,Petrol,Automatic,Second,82464,10543.39
Ford,F-150,2006,1400,84.1,Petrol,Automatic,Second,95414,4423.74
Nissan,Pathfinder,2007,1200,65.4,Electric,Automatic,Second,124413,3720.04
Toyota,Highlander,2017,1300,69.2,Electric,Automatic,First,48628,12361.12
Honda,CR-V,2022,1200,60.4,Petrol,Automatic,Third,14314,13154.61
Toyota,Highlander,2005,800,60.0,Diesel,Automatic,Second,237139,2802.84
Nissan,Pathfinder,2007,1000,63.8,Petrol,Automatic,Second,213578,2490.34
BMW,M3,2014,2500,132.6,Diesel,Manual,Second,76631,19203.39
Hyundai,Kona,2008,800,60.0,Hybrid,Manual,Second,218362,2325.2
Kia,Optima,2013,1100,60.0,Petrol,Automatic,Third,115468,3340.72
Ford,Mustang,2019,1800,93.0,Hybrid,Automatic,Second,57264,16184.27
Toyota,Camry,2009,900,60.0,Diesel,Automatic,First,237426,3336.65
Toyota,Highlander,2021,1000,60.0,Petrol,Automatic,Second,29106,14547.93
Chevrolet,Malibu,2022,1300,61.3,Petrol,Manual,First,28393,17584.6
Toyota,Camry,2012,1400,60.0,Diesel,Manual,First,176516,4659.01
Nissan,Murano,2018,1300,67.9,Petrol,Automatic,Second,59852,8283.06
Kia,Soul,2015,1200,83.3,Petrol,Automatic,First,117717,5354.63
Toyota,Corolla,2019,1900,115.3,Diesel,Automatic,Second,28123,14572.66
Nissan,Altima,2009,1300,79.8,Petrol,Automatic,First,144737,3319.12
Honda,Accord,2018,1200,80.5,Diesel,Manual,First,40371,10941.23
Nissan,Pathfinder,2008,900,60.0,Petrol,Automatic,Second,151880,2847.84
Ford,Mustang,2011,1900,124.6,Petrol,Automatic,First,242440,4866.84
Honda,Pilot,2021,1300,77.0,Diesel,Manual,Second,16248,14332.09
Toyota,Camry,2005,1300,77.3,Petrol,Manual,Second,288644,2564.41
Ford,Escape,2015,1500,86.1,Diesel,Automatic,First,111872,9433.89
Audi,A6,2010,2000,94.1,Diesel,Manual,Third,139514,8237.51
Toyota,Highlander,2011,800,60.0,Electric,Automatic,Second,129044,5219.26
BMW,M3,2016,2500,130.6,Petrol,Manual,First,95629,28084.16
Honda,Civic,2017,1100,60.0,Hybrid,Manual,Second,93758,8158.85
Toyota,Corolla,2015,1200,60.0,Electric,Automatic,Third,94317,6936.03
Audi,Q5,2016,2300,119.2,Petrol,Manual,First,77556,25396.62
Mercedes,A-Class,2006,3200,185.4,Petrol,Automatic,Second,214102,11145.45
Hyundai,Elantra,2006,900,60.0,Petrol,Automatic,First,268653,2311.69
Ford,Explorer,2021,1700,85.8,Petrol,Manual,First,23459,18964.3
BMW,5 Series,2021,2400,132.8,Petrol,Manual,First,39064,50035.11
Hyundai,Elantra,2022,1400,69.9,Petrol,Automatic,First,12720,13518.76
Nissan,Sentra,2014,1300,60.0,Petrol,Automatic,First,171650,5248.03
Toyota,Prius,2020,1300,85.6,Petrol,Automatic,Second,43660,12833.31
Nissan,Rogue,2009,1200,60.0,Diesel,Automatic,Second,183373,2881.71
Mercedes,GLC,2016,2200,112.6,Electric,Automatic,Second,87877,33846.86
Toyota,Corolla,2005,1300,87.7,Petrol,Manual,First,215713,3424.79
Ford,Focus,2016,1500,74.6,Petrol,Automatic,Second,104104,9083.2
Chevrolet,Traverse,2008,1500,97.1,Hybrid,Manual,First,166254,4267.22
Chevrolet,Silverado,2017,800,60.0,Hybrid,Automatic,Second,56738,10961.01
Chevrolet,Traverse,2021,1000,62.1,Petrol,Automatic,Third,26625,13417.39
Hyundai,Elantra,2017,800,60.0,Electric,Automatic,First,100903,8494.38
Toyota,Highlander,2018,1100,70.0,Diesel,Manual,First,102268,10674.8
Chevrolet,Silverado,2007,900,60.0,Petrol,Automatic,Second,169074,3510.04
Toyota,RAV4,2021,1800,93.8,Petrol,Automatic,First,37790,18124.82
Toyota,RAV4,2012,1700,104.6,Electric,Automatic,Second,112715,5913.41
BMW,3 Series,2005,2000,118.1,Petrol,Automatic,Second,210049,8776.61
BMW,M3,2021,3000,158.0,Diesel,Automatic,First,47036,55268.63
BMW,M3,2021,2500,145.8,Petrol,Automatic,First,35012,53215.1
Mercedes,GLC,2011,2500,131.6,Diesel,Manual,Second,184546,14679.99
Honda,HR-V,2020,1400,83.9,Petrol,Automatic,Third,37892,11036.82
Hyundai,Elantra,2008,1000,60.0,Petrol,Manual,First,177956,2502.55
Hyundai,Sonata,2015,1100,65.0,Diesel,Automatic,First,80027,6895.55
Chevrolet,Equinox,2021,1200,60.0,Diesel,Automatic,First,27003,19993.88
Ford,Focus,2013,1300,76.8,Petrol,Automatic,First,139030,6898.42
Audi,A4,2008,2200,110.7,Petrol,Automatic,First,186738,8870.35
Toyota,RAV4,2015,1400,64.7,Petrol,Automatic,Second,80831,7493.26
Hyundai,Kona,2022,1000,60.0,Petrol,Manual,First,15602,11958.28
Nissan,Pathfinder,2009,1000,66.7,Electric,Manual,Second,172501,3161.89
Ford,Escape,2009,1600,93.0,Petrol,Automatic,First,96239,5103.86
Toyota,Highlander,2016,1100,63.7,Hybrid,Automatic,First,90565,9913.8
Hyundai,Sonata,2012,800,60.0,Petrol,Automatic,First,164186,3998.31
Ford,Escape,2015,1900,99.3,Diesel,Manual,Second,89605,8464.63
Hyundai,Sonata,2008,1100,60.0,Petrol,Manual,Second,282332,1973.99
Chevrolet,Silverado,2011,1200,64.1,Electric,Manual,First,203184,4149.49
Audi,A4,2015,2400,136.9,Hybrid,Automatic,Second,119551,22888.84
Kia,Sorento,2012,1000,60.0,Electric,Manual,First,128098,4383.27
Toyota,Prius,2013,1200,60.0,Hybrid,Automatic,Second,107700,6127.72
Ford,Explorer,2018,1400,77.3,Hybrid,Automatic,First,80638,15107.43
Mercedes,E-Class,2020,2200,127.4,Petrol,Manual,Second,44431,45476.64
Honda,HR-V,2011,1000,60.0,Petrol,Manual,Second,153602,3310.88
Toyota,Camry,2014,900,60.0,Diesel,Automatic,First,148098,6972.38
Mercedes,A-Class,2012,2900,162.9,Petrol,Automatic,First,106759,22612.15
Honda,Civic,2022,1100,62.0,Petrol,Manual,Third,23761,12966.55
Kia,Sportage,2021,1000,62.4,Petrol,Automatic,Second,34865,11124.23
Toyota,Prius,2015,1300,73.5,Diesel,Automatic,Second,78784,8065.62
Toyota,Prius,2020,1600,90.9,Petrol,Automatic,First,36562,15895.6
Mercedes,GLE,2006,2400,135.7,Petrol,Automatic,First,276442,11749.29
Hyundai,Sonata,2007,900,60.0,Petrol,Automatic,First,234914,2388.36
Ford,Mustang,2021,900,60.0,Petrol,Automatic,First,20843,21485.25
Audi,A6,2015,1400,74.3,Hybrid,Manual,First,145930,19833.3
Toyota,Highlander,2014,1500,75.1,Hybrid,Automatic,First,56431,9349.77
Kia,Sportage,2013,800,60.0,Diesel,Automatic,Second,98372,4296.87
Audi,A6,2019,2700,152.8,Petrol,Automatic,Second,73796,30986.13
Hyundai,Sonata,2014,1200,75.0,Petrol,Manual,Third,93555,3514.4
Chevrolet,Silverado,2010,1200,67.5,Petrol,Automatic,Second,127420,3804.23
Mercedes,A-Class,2018,2600,164.9,Petrol,Manual,Second,30533,39869.01
Honda,HR-V,2012,1000,60.9,Petrol,Manual,Second,78402,5067.33
Toyota,Corolla,2010,800,60.0,Petrol,Automatic,Third,123395,3488.97
BMW,X5,2019,2300,137.0,Petrol,Automatic,Second,61650,38711.05
Chevrolet,Camaro,2014,800,60.0,Petrol,Automatic,Second,82455,6711.32
Hyundai,Sonata,2008,800,60.0,Petrol,Automatic,Third,192103,1761.42
Chevrolet,Silverado,2022,1600,72.7,Diesel,Manual,First,25264,19545.18
Ford,Focus,2008,1900,105.5,Diesel,Automatic,Second,124343,4620.43
Chevrolet,Equinox,2019,1600,95.5,Diesel,Manual,First,36085,14050.99
Ford,F-150,2019,1700,100.9,Hybrid,Automatic,First,73475,14865.31
Toyota,Highlander,2017,1600,81.2,Petrol,Manual,Second,69114,8237.63
Honda,CR-V,2019,800,62.1,Petrol,Manual,Second,67586,9406.72
Toyota,RAV4,2019,1000,69.6,Hybrid,Automatic,Second,27102,14114.41
Mercedes,E-Class,2006,2000,117.9,Hybrid,Automatic,Third,205317,11157.44
Mercedes,GLE,2021,2200,117.8,Electric,Automatic,Second,47048,69213.96
Hyundai,Elantra,2021,1200,60.0,Petrol,Manual,First,48342,12078.99
Ford,F-150,2019,800,60.0,Diesel,Automatic,Third,46740,12830.07
Toyota,RAV4,2010,1800,99.4,Diesel,Automatic,First,159351,4551.92
Ford,Explorer,2015,1800,105.9,Hybrid,Manual,First,102715,10324.13
Honda,CR-V,2022,1000,60.0,Hybrid,Automatic,First,15385,19276.47
Audi,A3,2009,1700,86.5,Diesel,Automatic,First,231005,9003.77
Ford,F-150,2019,1200,69.4,Petrol,Automatic,Second,64970,13973.15
Nissan,Sentra,2014,1000,70.1,Petrol,Automatic,First,98385,6642.16
Ford,Escape,2011,1100,60.0,Petrol,Manual,First,164430,4840.02
Toyota,Highlander,2013,1300,60.0,Petrol,Automatic,Second,144312,4940.31
Hyundai,Elantra,2008,1000,60.0,Petrol,Manual,First,132326,2832.11
Ford,Focus,2005,1800,104.7,Petrol,Automatic,First,230076,3858.92
Honda,Civic,2014,1200,67.9,Petrol,Automatic,First,69641,7711.22
Toyota,Highlander,2021,1100,66.4,Diesel,Automatic,Second,17876,14846.88
Honda,Civic,2015,1100,69.4,Diesel,Automatic,First,58384,8281.77
Mercedes,GLC,2018,2900,165.5,Petrol,Automatic,First,65722,45214.92
Nissan,Pathfinder,2013,1200,74.9,Petrol,Automatic,First,138288,4790.13
Chevrolet,Equinox,2006,1300,75.5,Diesel,Automatic,Second,123636,3574.96
Toyota,Highlander,2019,1500,80.9,Petrol,Automatic,First,55617,14110.45
Chevrolet,Traverse,2007,1600,106.7,Hybrid,Manual,Third,81335,3624.37
Toyota,Camry,2017,900,60.0,Petrol,Automatic,Third,74190,8274.31
Mercedes,C-Class,2009,1900,100.6,Diesel,Automatic,Second,215884,12034.71
Hyundai,Kona,2018,1200,70.1,Petrol,Automatic,First,99116,8173.8
Ford,Explorer,2014,800,60.0,Hybrid,Manual,Second,107782,7280.12
Honda,CR-V,2019,1600,83.0,Diesel,Automatic,Third,53243,10590.79
Honda,Accord,2017,1000,60.0,Hybrid,Automatic,First,63066,10586.42
Toyota,Corolla,2021,1300,60.0,Petrol,Automatic,Second,29055,17254.3
Audi,A4,2020,1800,102.7,Petrol,Automatic,First,52404,43613.69
Ford,Mustang,2011,1400,87.2,Petrol,Manual,Second,127454,4793.3
Mercedes,GLE,2019,2800,166.0,Petrol,Automatic,First,43238,55058.67
Honda,CR-V,2008,1300,60.1,Petrol,Automatic,Second,160416,3233.07
Mercedes,C-Class,2008,2700,156.0,Hybrid,Automatic,Second,189599,13886.37
Hyundai,Santa Fe,2011,900,60.0,Diesel,Manual,First,116744,3676.2
Mercedes,E-Class,2016,2600,136.7,Petrol,Automatic,First,68016,35410.94
BMW,X5,2014,2000,125.2,Diesel,Manual,First,140476,19839.11
Hyundai,Tucson,2010,1300,70.0,Diesel,Manual,First,226687,2341.64
Chevrolet,Equinox,2011,1500,90.7,Hybrid,Automatic,First,137448,5300.92
BMW,X3,2019,2200,127.8,Diesel,Manual,Second,47165,38174.23
Nissan,Pathfinder,2010,1800,87.2,Petrol,Automatic,Second,102255,3485.12
Toyota,Highlander,2020,1600,90.4,Petrol,Manual,First,49957,13850.07
Mercedes,E-Class,2007,2300,124.8,Electric,Automatic,First,276644,13953.07
Audi,Q5,2015,2200,127.3,Electric,Manual,First,128939,23626.42
BMW,5 Series,2022,2300,121.6,Petrol,Automatic,Second,31387,52333.65
Honda,Accord,2019,1500,80.7,Petrol,Automatic,First,50509,12273.34
Nissan,Murano,2017,1100,68.2,Petrol,Automatic,First,53044,8777.83
Audi,Q7,2020,2100,127.6,Diesel,Automatic,First,38942,43340.2
Hyundai,Elantra,2012,800,60.0,Electric,Automatic,First,197896,4020.37
Mercedes,E-Class,2022,2700,147.4,Petrol,Manual,First,21042,69970.92
Honda,Pilot,2012,800,60.0,Petrol,Automatic,First,182141,4504.92
Chevrolet,Traverse,2016,900,60.0,Petrol,Automatic,First,80619,8560.1
Hyundai,Sonata,2016,1400,78.4,Hybrid,Automatic,First,65078,8471.06
Mercedes,GLE,2010,2500,120.5,Hybrid,Automatic,Second,121486,16905.16
Toyota,Prius,2017,1100,87.3,Electric,Manual,Second,54432,9645.23
Hyundai,Santa Fe,2007,1300,75.3,Petrol,Manual,Second,171292,2285.38
Toyota,RAV4,2014,1400,81.7,Petrol,Manual,Second,114438,5611.11
Nissan,Murano,2017,900,60.0,Diesel,Automatic,First,73161,8445.59
Honda,Accord,2012,1000,60.0,Electric,Manual,First,145945,5894.16
Honda,Accord,2022,1100,75.1,Diesel,Automatic,Third,24193,13982.31
Chevrolet,Malibu,2012,1200,69.1,Petrol,Automatic,First,96743,5944.87
Ford,Escape,2005,1600,90.2,Hybrid,Automatic,First,249402,4344.8
Toyota,RAV4,2021,800,60.0,Petrol,Automatic,Second,36080,14881.66
BMW,3 Series,2006,2100,131.3,Diesel,Automatic,First,273560,10332.22
Kia,Sportage,2008,1600,83.2,Petrol,Automatic,First,95981,3386.72
Honda,CR-V,2005,1100,60.0,Petrol,Automatic,First,213128,3038.64
Hyundai,Kona,2006,1100,67.8,Petrol,Manual,First,170216,2454.85
Kia,Optima,2019,900,60.0,Petrol,Automatic,First,73004,8801.86
Ford,Mustang,2006,1500,99.6,Petrol,Manual,First,203362,4037.91
BMW,M3,2009,1800,99.4,Petrol,Manual,First,177937,10877.61
BMW,5 Series,2021,2000,107.5,Petrol,Manual,Second,22611,45197.31
Hyundai,Tucson,2015,1100,60.0,Diesel,Manual,First,123390,5504.73
Ford,Escape,2016,1100,62.7,Diesel,Manual,Third,85130,7826.16
Nissan,Altima,2021,1100,67.5,Diesel,Manual,Second,23336,12739.07
Toyota,Prius,2017,1400,96.6,Petrol,Manual,Third,60008,7173.24
Hyundai,Sonata,2008,900,60.0,Diesel,Automatic,First,185133,2788.01
Hyundai,Elantra,2007,1100,64.8,Petrol,Automatic,First,131270,2914.5
Ford,Focus,2010,1300,60.0,Diesel,Automatic,First,152968,5171.98
Toyota,Prius,2017,1500,77.5,Diesel,Manual,First,79748,9394.68
Ford,F-150,2010,1100,68.3,Diesel,Automatic,First,192397,4756.08
Mercedes,E-Class,2018,2000,105.9,Petrol,Automatic,First,42816,46364.58
Nissan,Rogue,2014,1200,81.1,Petrol,Automatic,Third,80966,4495.42
Chevrolet,Malibu,2020,800,60.0,Diesel,Automatic,Second,28946,14917.21
Nissan,Altima,2006,800,60.0,Petrol,Automatic,Second,173736,2813.52
Honda,CR-V,2017,1100,60.2,Petrol,Manual,First,96471,8076.05
Hyundai,Santa Fe,2017,800,68.3,Diesel,Manual,First,108507,7014.38
Mercedes,GLE,2016,2200,112.4,Petrol,Manual,First,65682,32126.52
Hyundai,Santa Fe,2009,800,60.0,Diesel,Automatic,Second,165788,2425.88
Nissan,Pathfinder,2010,1200,62.1,Petrol,Automatic,First,98044,3877.87
Kia,Soul,2019,1200,73.6,Petrol,Manual,First,45394,9388.46
Chevrolet,Equinox,2009,900,60.0,Petrol,Automatic,First,229331,3330.42
BMW,5 Series,2014,2500,133.8,Petrol,Manual,Second,118070,18492.61
Chevrolet,Camaro,2008,1000,60.0,Diesel,Automatic,First,212982,3850.88
Audi,Q7,2016,2300,116.4,Petrol,Manual,First,87605,23085.74
Kia,Optima,2017,800,60.0,Diesel,Automatic,First,88297,7673.49
BMW,3 Series,2016,1900,103.9,Petrol,Automatic,Second,113880,25322.8
Hyundai,Tucson,2006,1100,69.9,Diesel,Automatic,First,231016,2266.48
Nissan,Murano,2010,1400,83.0,Diesel,Manual,First,183715,3434.23
Hyundai,Sonata,2010,1200,60.0,Petrol,Manual,First,227603,2503.31
Mercedes,GLE,2021,2100,113.3,Hybrid,Automatic,Second,29173,67264.43
Toyota,Camry,2007,1600,89.3,Petrol,Manual,First,210829,3086.76
Mercedes,E-Class,2017,2500,126.2,Electric,Manual,First,82361,44543.74
Toyota,RAV4,2018,1200,60.0,Petrol,Manual,First,82171,10089.53
Hyundai,Kona,2016,1400,77.0,Diesel,Automatic,Second,111085,6305.61
Honda,Pilot,2019,1100,60.0,Diesel,Automatic,First,88428,12272.97
Mercedes,GLC,2014,2200,110.1,Hybrid,Manual,First,149611,23749.38
Nissan,Rogue,2019,1300,62.3,Petrol,Automatic,First,33663,11439.73
Chevrolet,Malibu,2008,1300,78.3,Petrol,Automatic,First,182827,3796.54
Audi,A3,2005,1800,82.1,Diesel,Manual,Second,103881,9815.8
Hyundai,Elantra,2014,1600,82.3,Diesel,Manual,First,92030,5239.54
Nissan,Altima,2005,1600,97.1,Petrol,Automatic,First,182842,3082.52
Ford,Escape,2015,1200,60.0,Diesel,Automatic,First,95003,9483.72
Audi,A3,2011,2800,150.0,Electric,Automatic,Second,156994,14060.23
Toyota,Corolla,2017,1200,60.0,Petrol,Automatic,Second,58410,10102.66
Ford,Focus,2016,2000,101.7,Hybrid,Manual,First,82062,12052.04
Ford,Focus,2005,1500,76.1,Hybrid,Manual,First,177588,4582.43
Honda,Accord,2020,1100,60.0,Hybrid,Manual,First,56806,14722.17
Mercedes,E-Class,2019,2300,117.9,Diesel,Manual,First,63878,52299.2
Chevrolet,Camaro,2007,1100,60.6,Petrol,Automatic,First,206779,3790.87
Mercedes,A-Class,2011,2600,164.0,Petrol,Manual,First,176819,16826.6
Toyota,Highlander,2021,1600,97.2,Hybrid,Automatic,Second,27093,16629.53
Toyota,RAV4,2019,1400,82.3,Petrol,Automatic,Second,53424,11353.6
Honda,Pilot,2022,1400,76.5,Hybrid,Automatic,First,21117,21490.5
Kia,Stinger,2018,800,60.0,Electric,Automatic,First,84556,9657.48
Honda,Pilot,2005,1200,62.3,Hybrid,Automatic,Second,182740,2971.79
Mercedes,GLE,2020,2800,159.1,Hybrid,Automatic,First,62364,63371.69
Ford,Explorer,2015,1000,60.0,Diesel,Automatic,Third,61455,7619.94
Toyota,RAV4,2014,1000,66.8,Petrol,Manual,Second,77459,6088.69
Mercedes,A-Class,2017,2500,133.8,Petrol,Manual,Third,49385,30467.79
Honda,HR-V,2015,1100,60.0,Diesel,Automatic,First,110593,8437.45
Ford,Focus,2007,1500,93.2,Hybrid,Manual,First,219961,4095.29
Hyundai,Tucson,2013,1400,70.7,Diesel,Manual,First,109888,4094.97
Audi,A4,2010,2100,102.6,Diesel,Manual,First,134190,12585.43
Toyota,Camry,2017,1100,83.5,Hybrid,Automatic,First,59227,12910.08
Nissan,Sentra,2017,1000,60.0,Diesel,Manual,Second,63333,7646.73
Hyundai,Sonata,2013,1300,77.1,Hybrid,Manual,First,143210,4339.24
Chevrolet,Malibu,2022,1300,76.4,Petrol,Manual,First,36390,17545.33
Honda,Pilot,2009,1000,61.0,Petrol,Automatic,First,150277,3786.95
Hyundai,Tucson,2018,800,60.0,Petrol,Automatic,First,54005,8348.6
Chevrolet,Equinox,2021,1000,60.0,Petrol,Automatic,Second,36689,15764.29
Hyundai,Elantra,2021,900,60.0,Diesel,Manual,First,27966,11492.89
Kia,Sportage,2020,1200,76.3,Petrol,Automatic,First,52752,11050.77
Nissan,Pathfinder,2012,1300,81.3,Hybrid,Automatic,First,108437,4996.99
BMW,M3,2020,2500,142.2,Hybrid,Automatic,First,54356,56989.84
Nissan,Murano,2022,1100,62.4,Petrol,Automatic,First,19653,17204.53
Ford,Escape,2021,1200,60.0,Petrol,Manual,First,36263,17464.47
Toyota,Prius,2010,1600,86.6,Petrol,Automatic,First,83168,5301.11
Nissan,Sentra,2021,1000,60.0,Petrol,Manual,First,36680,13966.48
Chevrolet,Camaro,2020,1500,111.3,Petrol,Automatic,First,55123,16549.47
Nissan,Altima,2005,1400,78.3,Diesel,Manual,First,210401,2928.28
Hyundai,Santa Fe,2010,1200,60.0,Petrol,Manual,Second,140273,2681.59
Chevrolet,Malibu,2019,1600,82.5,Hybrid,Automatic,First,57695,16503.87
Audi,A4,2005,2200,103.8,Hybrid,Automatic,Second,184086,9270.47
BMW,3 Series,2007,2300,132.6,Petrol,Automatic,Third,189513,8674.32
Ford,F-150,2021,1500,86.9,Petrol,Automatic,Second,18087,20120.41
Toyota,RAV4,2012,1200,62.6,Petrol,Manual,Second,127210,5102.43
Nissan,Pathfinder,2008,800,60.0,Hybrid,Automatic,Second,220938,2615.57
Hyundai,Kona,2010,1500,91.5,Hybrid,Manual,First,212694,3063.33
Chevrolet,Camaro,2007,1400,85.6,Diesel,Manual,First,134740,3908.74
Toyota,Corolla,2008,1600,88.7,Diesel,Manual,First,205905,3447.25
Audi,Q5,2021,2200,97.6,Petrol,Automatic,First,22262,46323.39
Audi,Q5,2014,2100,117.6,Diesel,Automatic,First,78862,20414.96
Honda,Civic,2006,900,60.0,Petrol,Manual,Second,287302,2264.99
BMW,M3,2014,2500,135.0,Diesel,Manual,First,144500,19765.68
Ford,F-150,2019,900,60.0,Hybrid,Manual,First,65403,14556.29
Kia,Sorento,2007,800,60.0,Petrol,Automatic,Second,201666,1968.92
Chevrolet,Traverse,2012,1500,88.7,Hybrid,Automatic,Second,121649,5815.79
Hyundai,Sonata,2012,800,60.0,Diesel,Automatic,Second,96302,3984.92
Ford,F-150,2017,1900,89.8,Petrol,Manual,First,75789,11568.43
Audi,A4,2016,2300,134.0,Petrol,Manual,First,68408,26112.38
Honda,CR-V,2018,1200,69.9,Diesel,Automatic,Second,76488,9727.24
Chevrolet,Camaro,2012,1100,65.9,Petrol,Automatic,First,158014,5076.57
Honda,HR-V,2009,1600,89.2,Petrol,Manual,First,207014,3016.71
Ford,F-150,2016,1500,88.3,Petrol,Manual,First,105568,9778.37
Honda,Accord,2014,900,60.0,Diesel,Automatic,Second,91248,5782.58
Toyota,Highlander,2014,1100,61.9,Hybrid,Manual,Second,43776,7604.22
Chevrolet,Silverado,2022,1600,78.5,Petrol,Automatic,First,25633,21206.6
Toyota,Camry,2022,1100,60.0,Petrol,Manual,Second,16658,14619.89
BMW,5 Series,2016,2000,112.0,Petrol,Manual,First,91206,25893.93
BMW,5 Series,2007,2500,149.6,Hybrid,Manual,Second,108584,12918.19
Ford,Mustang,2015,1400,60.0,Hybrid,Automatic,First,124654,9638.96
Honda,Civic,2016,1000,60.0,Electric,Manual,First,106301,9183.77
Ford,F-150,2012,1800,82.7,Diesel,Automatic,First,149770,6656.48
Toyota,Highlander,2013,1500,85.0,Petrol,Automatic,Second,137676,5178.71
Honda,Pilot,2007,800,60.0,Petrol,Manual,Second,160071,2855.88
Toyota,RAV4,2011,800,60.0,Petrol,Manual,First,211565,3817.15
Toyota,Highlander,2009,1800,86.7,Petrol,Manual,First,140536,3684.0
Chevrolet,Traverse,2014,800,60.0,Petrol,Automatic,First,122226,6831.74
Ford,Explorer,2014,1800,94.1,Petrol,Automatic,Second,132513,6906.41
Hyundai,Santa Fe,2013,800,60.0,Petrol,Manual,First,81065,4598.47
Kia,Sportage,2018,800,62.0,Hybrid,Manual,Second,59995,7593.64
Hyundai,Tucson,2015,1000,68.4,Diesel,Automatic,Second,103147,5652.51
BMW,X5,2008,2400,135.8,Hybrid,Automatic,Second,143589,12071.49
Mercedes,A-Class,2017,2000,128.3,Diesel,Automatic,First,92061,39781.6
Toyota,Corolla,2013,1000,64.8,Petrol,Automatic,First,123231,5837.95
Toyota,Highlander,2022,1800,111.8,Petrol,Automatic,Second,500,17815.46
Nissan,Altima,2011,1100,66.1,Petrol,Automatic,Third,64198,3273.93
Honda,Civic,2005,1300,88.4,Diesel,Automatic,First,203242,3398.19
Toyota,Highlander,2017,800,60.0,Hybrid,Automatic,Second,91991,10268.16
Hyundai,Sonata,2014,1000,74.3,Electric,Automatic,First,126521,6189.98
Nissan,Rogue,2011,1900,104.1,Diesel,Automatic,First,157918,4232.34
Kia,Soul,2022,1600,72.4,Petrol,Automatic,First,24098,13525.47
BMW,M3,2007,2000,102.8,Diesel,Manual,Second,102619,10031.4
Kia,Sportage,2022,1200,73.8,Diesel,Automatic,First,17911,15783.5
Toyota,RAV4,2013,1500,79.6,Hybrid,Manual,Third,99987,5208.49
Hyundai,Santa Fe,2010,800,60.0,Petrol,Automatic,First,182640,2874.2
Mercedes,GLE,2021,2300,128.5,Petrol,Automatic,Second,28983,62833.0
Honda,Pilot,2019,1300,67.1,Petrol,Automatic,First,52049,11746.14
Audi,A4,2008,2300,135.9,Petrol,Automatic,First,191002,9959.09
BMW,M3,2012,2600,134.4,Diesel,Automatic,First,133416,18759.94
Honda,Civic,2013,1200,64.0,Electric,Automatic,First,94913,7398.2
Kia,Stinger,2011,1100,68.0,Electric,Manual,Second,146489,3211.35
Audi,A6,2007,2200,130.6,Petrol,Manual,Second,205463,7119.94
Honda,Pilot,2006,1100,60.0,Petrol,Automatic,First,236414,3036.1
Chevrolet,Malibu,2019,1100,81.5,Diesel,Automatic,Second,46023,12791.12
BMW,5 Series,2019,2300,102.8,Petrol,Automatic,Second,81231,33743.46
Nissan,Pathfinder,2017,900,60.0,Petrol,Manual,First,89989,8067.03
Toyota,Camry,2011,1500,93.3,Electric,Manual,First,195205,5102.13
Hyundai,Tucson,2007,800,60.0,Diesel,Automatic,Third,192093,2001.88
Toyota,Corolla,2006,1800,101.6,Petrol,Automatic,Second,95682,3554.01
Ford,Focus,2017,1800,86.9,Diesel,Manual,First,89428,12437.13
Hyundai,Sonata,2010,1000,60.0,Hybrid,Automatic,First,180131,3335.8
Toyota,Corolla,2018,1300,68.3,Petrol,Manual,First,50748,11026.6
Toyota,Camry,2012,1100,60.0,Petrol,Automatic,First,148121,5208.3
Chevrolet,Camaro,2009,1000,65.9,Hybrid,Automatic,First,215041,3971.73
Ford,Focus,2007,1200,68.1,Diesel,Manual,Second,157540,4144.71
Mercedes,GLE,2005,2700,155.4,Petrol,Automatic,First,252984,12305.89
Toyota,Corolla,2007,1100,60.0,Electric,Manual,First,247869,3690.03
Ford,Mustang,2019,900,60.0,Petrol,Automatic,Third,43916,11263.23
Mercedes,A-Class,2008,2700,156.8,Petrol,Automatic,First,115742,18801.1
Toyota,RAV4,2015,1200,63.6,Diesel,Automatic,First,70492,8870.67
Mercedes,GLC,2013,2100,115.4,Petrol,Manual,First,119604,22917.14
Toyota,RAV4,2006,1700,79.8,Petrol,Automatic,Third,82578,3642.14
Nissan,Sentra,2015,900,60.0,Petrol,Automatic,Second,95729,5917.03
Audi,A3,2019,2000,91.5,Petrol,Automatic,Second,51535,32580.16
Nissan,Murano,2020,900,60.0,Electric,Manual,First,48962,14587.72
Chevrolet,Camaro,2017,1200,61.0,Electric,Manual,First,80401,11815.17
Kia,Soul,2017,800,60.0,Electric,Manual,First,98994,8105.37
Ford,Focus,2014,1800,85.2,Diesel,Automatic,First,111036,8944.43
BMW,M3,2010,2300,143.8,Hybrid,Automatic,Second,87430,16765.78
Toyota,Highlander,2018,900,60.0,Diesel,Manual,First,89539,11501.07
Ford,Explorer,2012,1800,105.3,Diesel,Automatic,First,113456,7388.63
Nissan,Altima,2019,900,60.0,Electric,Automatic,First,58366,14369.45
Toyota,RAV4,2005,1400,60.0,Petrol,Manual,Second,62640,3886.66
Chevrolet,Equinox,2022,800,60.0,Diesel,Automatic,First,25641,21207.74
Audi,Q5,2020,2300,141.3,Petrol,Manual,Second,36421,34302.18
Ford,Focus,2006,1000,64.6,Diesel,Automatic,First,167139,4428.1
Hyundai,Kona,2005,1200,63.7,Diesel,Automatic,Second,179081,2387.97
Hyundai,Kona,2007,900,60.0,Diesel,Manual,First,216788,2240.73
Kia,Sportage,2012,800,60.0,Petrol,Manual,Second,123157,3371.96
Ford,Focus,2005,1400,92.6,Petrol,Automatic,First,258672,3903.63
Chevrolet,Malibu,2015,1100,62.8,Petrol,Automatic,First,107875,9604.47
Honda,Civic,2007,1400,82.8,Petrol,Automatic,First,164359,3446.75
Ford,Explorer,2005,1600,80.5,Diesel,Automatic,First,245400,4097.68
Audi,A6,2019,2300,118.2,Petrol,Automatic,Third,51262,29443.74
Honda,HR-V,2017,1300,70.2,Petrol,Automatic,Third,59621,7420.75
Toyota,Corolla,2017,1200,61.1,Electric,Automatic,Second,90601,10470.53
BMW,M3,2020,2600,145.5,Petrol,Manual,First,50196,43521.8
Ford,Focus,2011,1400,70.4,Petrol,Automatic,First,183200,5320.64
Nissan,Pathfinder,2006,1200,64.9,Petrol,Manual,First,229519,2375.46
Ford,Explorer,2020,1400,80.8,Diesel,Automatic,First,33619,20842.4
Honda,Pilot,2010,1100,60.0,Petrol,Automatic,First,178826,3768.56
Nissan,Sentra,2014,1600,93.6,Petrol,Automatic,First,116623,5059.54
Toyota,Corolla,2007,1100,75.7,Petrol,Automatic,Second,211411,2896.2
Hyundai,Kona,2019,1500,95.7,Hybrid,Manual,First,51831,10306.68
BMW,5 Series,2012,2600,116.8,Hybrid,Automatic,First,238419,15111.16
Audi,Q7,2007,1900,108.7,Petrol,Manual,First,191266,8714.3
Ford,Escape,2018,1200,60.0,Petrol,Manual,Second,70586,11049.34
Ford,F-150,2010,1200,60.0,Diesel,Automatic,First,113878,5524.57
Toyota,Corolla,2009,1500,83.0,Petrol,Manual,Third,172123,2549.51
Nissan,Rogue,2022,1200,72.8,Petrol,Automatic,Second,16995,16525.15
Toyota,Prius,2006,1500,77.6,Petrol,Automatic,Second,182843,3170.1
Mercedes,GLE,2009,2600,153.0,Diesel,Manual,First,221903,12626.79
Hyundai,Tucson,2022,800,60.0,Petrol,Manual,First,17172,13498.03
Ford,F-150,2008,1300,76.9,Diesel,Automatic,Second,175242,4307.74
Ford,Mustang,2019,1000,60.0,Petrol,Automatic,Second,68307,13259.54
Honda,HR-V,2005,1100,71.1,Diesel,Manual,Second,200571,2744.22
Kia,Stinger,2022,800,60.0,Hybrid,Automatic,First,29243,16285.27
BMW,3 Series,2018,2400,109.6,Petrol,Automatic,First,68511,40679.96
Honda,Civic,2005,1200,63.8,Electric,Automatic,Second,205082,3796.06
Mercedes,C-Class,2019,2200,97.0,Petrol,Manual,Third,57429,32085.69
Hyundai,Elantra,2008,1000,66.2,Electric,Automatic,First,263000,2815.52
Nissan,Pathfinder,2015,1200,60.7,Diesel,Manual,Third,31976,5305.68
Chevrolet,Silverado,2021,1100,65.7,Diesel,Automatic,First,43101,18523.66
Nissan,Pathfinder,2013,1600,90.1,Petrol,Automatic,Second,134233,4668.62
Hyundai,Tucson,2017,800,60.0,Petrol,Automatic,First,97140,7342.1
BMW,X3,2020,2700,150.8,Petrol,Automatic,First,54567,48432.2
Toyota,Prius,2013,1900,101.9,Diesel,Manual,First,128492,6014.85
Chevrolet,Equinox,2019,900,60.0,Diesel,Automatic,First,61366,14611.12
Nissan,Murano,2010,1100,61.3,Diesel,Automatic,First,127872,4410.71
Kia,Optima,2016,1200,63.2,Hybrid,Automatic,First,100803,6891.87
Ford,Escape,2016,1400,84.9,Hybrid,Automatic,First,100358,11477.72
Kia,Sorento,2015,1000,63.1,Diesel,Automatic,Second,91707,5409.63
BMW,X3,2019,2000,97.7,Petrol,Automatic,Third,27386,35493.63
Ford,Mustang,2021,1200,72.1,Electric,Manual,First,31398,23365.94
Nissan,Rogue,2014,1300,75.2,Electric,Manual,Second,127852,5838.66
Mercedes,E-Class,2011,2700,151.2,Diesel,Automatic,Third,148606,14411.21
Chevrolet,Malibu,2015,1100,68.5,Electric,Manual,First,75719,10304.18
Audi,A4,2010,1800,98.9,Hybrid,Automatic,First,188359,11931.47
Ford,Focus,2009,1100,60.0,Diesel,Manual,Second,209044,3373.33
Audi,A6,2008,1700,75.0,Petrol,Automatic,Second,163763,9271.21
Nissan,Murano,2012,1000,60.0,Diesel,Automatic,Third,109182,4130.05
BMW,3 Series,2009,2000,94.8,Petrol,Automatic,First,202705,10593.36
Honda,HR-V,2015,1000,66.6,Diesel,Automatic,Second,77888,7208.29
Toyota,Highlander,2016,1300,66.4,Petrol,Automatic,Second,67631,9178.87
Toyota,Prius,2010,1300,75.9,Petrol,Automatic,Second,133005,4309.57
Hyundai,Tucson,2008,800,60.0,Petrol,Automatic,First,204825,2496.72
Hyundai,Tucson,2015,800,60.0,Petrol,Automatic,First,104236,5950.16
Chevrolet,Equinox,2022,800,60.0,Petrol,Manual,First,17102,19516.06
BMW,5 Series,2008,1700,89.9,Petrol,Automatic,First,147273,12860.41
Toyota,Prius,2020,1900,108.3,Diesel,Manual,Second,45790,14015.34
Toyota,Corolla,2015,900,60.0,Petrol,Automatic,Second,79132,6722.42
Hyundai,Elantra,2014,800,60.0,Petrol,Automatic,Second,139674,4252.51
Hyundai,Kona,2008,1200,70.8,Petrol,Automatic,First,152536,2626.73
Audi,Q5,2009,2500,141.2,Hybrid,Automatic,First,179873,11569.51
Toyota,RAV4,2014,1600,98.8,Petrol,Manual,Second,112143,5884.44
Hyundai,Santa Fe,2019,800,60.0,Electric,Automatic,First,77465,10545.18
Honda,HR-V,2006,900,60.0,Hybrid,Automatic,Third,145904,3044.03
Nissan,Murano,2020,1300,60.0,Hybrid,Manual,First,39959,14703.0
Honda,Pilot,2014,1500,62.5,Hybrid,Automatic,Second,139347,5964.03
Toyota,Prius,2020,1100,60.0,Petrol,Manual,Third,33180,9979.97
Mercedes,C-Class,2019,2900,161.1,Electric,Automatic,Second,47464,59723.04
Toyota,Highlander,2007,1400,71.4,Diesel,Automatic,First,170993,3814.56
Nissan,Pathfinder,2019,1600,84.0,Diesel,Automatic,Third,28019,9551.33
Kia,Stinger,2022,800,60.0,Petrol,Manual,First,20612,12806.97
Toyota,Prius,2015,1300,60.0,Diesel,Automatic,Second,81657,7821.17
Honda,Pilot,2019,1200,71.9,Petrol,Manual,Second,51930,10627.68
BMW,5 Series,2010,2100,108.4,Petrol,Automatic,First,193160,10953.97
Kia,Sportage,2018,800,60.0,Petrol,Automatic,First,56895,7846.64
Honda,Pilot,2012,1000,61.9,Diesel,Manual,First,121647,5336.12
BMW,M3,2015,2500,149.0,Electric,Automatic,First,83264,32486.15
Honda,Pilot,2008,1200,75.8,Diesel,Automatic,First,147589,4060.82
Mercedes,E-Class,2021,1900,104.3,Petrol,Manual,Second,35251,52001.17
Audi,A3,2017,2100,118.7,Diesel,Automatic,Second,69855,25802.67
Nissan,Rogue,2021,1300,70.3,Diesel,Automatic,First,28471,16390.16
BMW,X5,2014,1900,82.6,Diesel,Manual,First,171499,19225.81
Chevrolet,Malibu,2006,1200,60.0,Diesel,Automatic,First,194574,3972.13
Ford,Explorer,2010,1500,100.7,Petrol,Automatic,First,148792,5332.64
Hyundai,Tucson,2021,1300,66.9,Petrol,Automatic,First,35301,12614.13
Hyundai,Tucson,2020,800,60.0,Petrol,Manual,First,69725,10288.78
Mercedes,GLC,2016,2100,125.0,Electric,Automatic,First,144890,39720.95
Honda,Pilot,2020,1100,76.9,Diesel,Automatic,Second,37019,12703.01
Toyota,Camry,2021,1200,73.8,Petrol,Automatic,First,26458,16989.38
Nissan,Sentra,2020,1300,63.7,Petrol,Manual,First,67688,10385.11
Honda,Accord,2007,1100,60.8,Diesel,Manual,First,166780,3103.4
Toyota,Prius,2015,1100,60.0,Diesel,Manual,First,123956,6817.34
Chevrolet,Equinox,2019,900,60.0,Petrol,Automatic,First,65666,14773.92
Nissan,Sentra,2015,900,60.0,Petrol,Automatic,Third,121964,4858.97
BMW,3 Series,2020,2300,128.5,Petrol,Automatic,First,76621,46814.62
BMW,X5,2006,2600,140.0,Electric,Automatic,Second,127272,14430.93
Toyota,Prius,2006,800,60.0,Petrol,Automatic,First,305164,3456.62
Hyundai,Elantra,2010,800,60.0,Hybrid,Manual,Third,156822,2497.98
Toyota,Prius,2018,1100,60.0,Hybrid,Manual,First,88073,10734.32
Mercedes,E-Class,2012,2900,164.0,Diesel,Automatic,First,121775,23155.76
Chevrolet,Equinox,2019,1100,60.0,Petrol,Automatic,First,76338,12544.78
Honda,Civic,2008,1100,60.8,Petrol,Manual,First,178907,3232.69
Mercedes,E-Class,2013,2300,127.6,Diesel,Automatic,First,111043,25314.14
Toyota,Corolla,2019,1500,98.7,Electric,Automatic,First,86203,14261.76
Honda,Pilot,2005,800,60.0,Hybrid,Automatic,Second,247922,2632.43
Hyundai,Kona,2019,800,60.0,Petrol,Automatic,First,86291,9162.62
Toyota,Highlander,2005,800,60.0,Diesel,Automatic,Second,206136,3239.27
Audi,Q5,2021,1900,109.6,Diesel,Manual,Third,30596,32222.1
Hyundai,Santa Fe,2022,800,60.0,Hybrid,Manual,Second,17093,12449.83
Kia,Soul,2021,1600,93.9,Diesel,Automatic,First,36943,13321.61
Toyota,Camry,2017,1300,60.0,Petrol,Manual,Third,60753,7075.71
Toyota,Prius,2015,1200,60.0,Hybrid,Automatic,Second,112581,8154.66
Honda,Pilot,2005,900,60.0,Diesel,Automatic,First,236563,3145.65
Mercedes,GLC,2014,2300,113.3,Petrol,Manual,First,103971,26798.92
Mercedes,E-Class,2006,3100,161.0,Diesel,Manual,First,122174,16191.43
Honda,Accord,2021,1300,60.0,Diesel,Automatic,First,32470,15650.05
BMW,M3,2016,2100,123.0,Diesel,Manual,Second,79344,23947.65
Honda,Pilot,2008,1800,102.4,Diesel,Automatic,First,220010,3218.73
BMW,X3,2016,2300,128.1,Hybrid,Automatic,Second,116622,27680.48
Honda,HR-V,2015,1300,71.2,Petrol,Automatic,First,161644,6369.73
Kia,Soul,2018,800,60.0,Petrol,Automatic,Third,66954,6600.5
Ford,Focus,2009,1900,103.8,Petrol,Automatic,First,65737,5965.69
Ford,F-150,2021,1200,83.7,Petrol,Automatic,First,39257,20143.73
Ford,Focus,2022,1400,78.7,Petrol,Automatic,First,5374,24630.54
Hyundai,Sonata,2005,1400,81.0,Electric,Automatic,Third,125693,2753.98
Audi,A4,2018,1400,74.6,Hybrid,Automatic,First,89034,31797.9
Chevrolet,Traverse,2005,1000,60.0,Hybrid,Automatic,Second,136475,4218.74
Kia,Sorento,2010,800,60.0,Petrol,Manual,Third,133326,2475.75
Chevrolet,Malibu,2009,1700,94.8,Petrol,Manual,First,224419,3301.43
Mercedes,GLE,2015,2300,125.4,Electric,Manual,Second,80228,31574.53
Hyundai,Santa Fe,2015,1000,60.0,Electric,Automatic,Second,84115,6381.54
Toyota,Camry,2009,1800,108.4,Diesel,Automatic,First,126493,4215.52
Nissan,Sentra,2011,900,60.0,Petrol,Automatic,First,97124,4026.25
Hyundai,Tucson,2017,800,60.0,Hybrid,Automatic,First,129042,7681.24
BMW,5 Series,2011,2500,138.9,Diesel,Manual,First,106663,16733.33
Toyota,Camry,2013,1600,89.7,Diesel,Automatic,First,165834,6204.86
Honda,HR-V,2017,1400,81.9,Diesel,Manual,Second,48724,8701.39
Hyundai,Sonata,2020,1000,60.0,Petrol,Automatic,First,52165,11180.86
Ford,Mustang,2012,1100,60.1,Electric,Automatic,Second,154979,6135.5
Chevrolet,Equinox,2007,1000,72.1,Diesel,Automatic,Second,138533,3759.19
Kia,Stinger,2018,1000,60.0,Diesel,Automatic,First,83950,7896.03
BMW,M3,2010,2100,123.0,Electric,Automatic,Third,128132,12223.41
Nissan,Rogue,2012,1400,73.5,Petrol,Automatic,First,183335,4242.79
Honda,Pilot,2009,1600,78.6,Petrol,Automatic,Third,71061,3212.78
Nissan,Altima,2014,1100,62.0,Diesel,Manual,Second,86539,5747.33
Hyundai,Elantra,2022,800,60.0,Petrol,Automatic,First,29880,14426.37
Ford,F-150,2007,1400,86.6,Petrol,Manual,Second,157556,3786.93
Ford,Focus,2005,1600,94.6,Petrol,Manual,Third,175523,3054.56
Chevrolet,Malibu,2016,1900,99.2,Petrol,Manual,Second,55716,8949.56
Honda,Civic,2022,1200,67.4,Petrol,Manual,First,22973,15370.02
BMW,5 Series,2007,2000,111.3,Hybrid,Automatic,First,177941,13312.79
Honda,Civic,2007,1100,62.4,Diesel,Automatic,First,254067,3055.39
BMW,M3,2020,1900,112.0,Petrol,Automatic,First,54833,47282.94
Ford,Mustang,2015,1100,60.0,Petrol,Manual,First,89836,9800.75
Hyundai,Santa Fe,2008,1000,60.0,Petrol,Automatic,Second,172254,2303.62
Kia,Stinger,2020,1400,79.1,Diesel,Automatic,First,47711,11241.67
Kia,Soul,2019,1200,73.6,Petrol,Automatic,First,50745,9041.37
Chevrolet,Silverado,2019,1000,73.3,Hybrid,Automatic,Second,50522,14332.34
BMW,M3,2015,1900,93.2,Diesel,Manual,First,87464,24058.64
Toyota,Highlander,2009,1300,61.7,Petrol,Automatic,First,183514,3830.66
Honda,Civic,2021,1300,82.6,Electric,Automatic,Third,17680,14979.25
Chevrolet,Equinox,2011,1100,60.0,Petrol,Manual,Second,135981,4003.17
Toyota,Prius,2009,1300,80.6,Electric,Automatic,First,220979,3867.61
Honda,CR-V,2012,1300,66.5,Petrol,Automatic,First,169649,4763.35
Hyundai,Kona,2016,800,60.0,Diesel,Automatic,Third,85350,4997.4
Ford,Mustang,2020,1700,95.1,Hybrid,Manual,Second,36238,17763.97
Mercedes,E-Class,2010,2900,159.4,Diesel,Automatic,Second,140034,15356.3
Chevrolet,Camaro,2012,900,61.9,Hybrid,Manual,Second,106753,5754.05
Chevrolet,Traverse,2016,1500,88.7,Petrol,Automatic,Third,59358,7478.23
Toyota,Camry,2016,1800,104.0,Diesel,Automatic,First,73884,9919.29
Toyota,Highlander,2019,800,60.0,Petrol,Automatic,First,84462,11422.62
Hyundai,Kona,2013,800,60.0,Petrol,Automatic,Second,45220,4496.25
Honda,Pilot,2013,1800,85.1,Diesel,Automatic,Third,101881,4716.03
Audi,Q5,2016,1700,80.8,Petrol,Manual,Second,102252,19717.33
Chevrolet,Equinox,2020,1700,85.1,Hybrid,Manual,First,56438,17296.74
Kia,Stinger,2015,1100,60.0,Electric,Manual,First,107840,6462.75
Audi,A6,2009,2400,129.5,Petrol,Automatic,Second,81147,11241.07
Hyundai,Tucson,2019,800,60.0,Petrol,Automatic,Second,55455,9122.25
Ford,Explorer,2006,1400,78.0,Petrol,Automatic,Third,119292,3912.8
Nissan,Altima,2012,800,60.0,Petrol,Manual,First,162751,4004.3
Ford,Escape,2014,1300,67.1,Petrol,Manual,Second,134879,7056.4
Audi,Q5,2007,2300,122.9,Electric,Manual,First,279611,10111.04
Nissan,Murano,2011,1100,60.0,Hybrid,Manual,Second,77565,4438.55
Nissan,Sentra,2011,800,60.0,Petrol,Manual,First,156307,3907.96
Toyota,Prius,2011,1800,103.3,Hybrid,Automatic,First,183150,5171.27
Hyundai,Sonata,2017,800,60.0,Petrol,Automatic,First,92597,7101.24
Chevrolet,Equinox,2008,1300,73.6,Petrol,Automatic,First,215792,3780.34
Hyundai,Sonata,2018,800,60.0,Petrol,Manual,Second,64558,7092.46
Honda,CR-V,2011,1200,72.7,Hybrid,Automatic,First,155828,5226.55
Toyota,Prius,2016,1200,85.2,Hybrid,Automatic,Second,21029,10184.32
Audi,Q5,2020,1600,103.7,Petrol,Automatic,First,54844,42198.31
Mercedes,C-Class,2012,2600,155.1,Diesel,Automatic,First,185224,20003.91
Toyota,Prius,2018,1000,60.0,Petrol,Automatic,First,82982,10763.37
Toyota,Corolla,2005,1300,92.9,Hybrid,Automatic,First,202017,4228.48
Honda,CR-V,2015,1600,97.0,Hybrid,Automatic,First,115103,8150.49
Toyota,Prius,2019,1600,88.0,Diesel,Automatic,First,30736,14186.27
Ford,Explorer,2016,1100,70.8,Hybrid,Automatic,Second,96894,10133.36
Toyota,Highlander,2010,1400,62.6,Petrol,Manual,Second,110010,3842.81
Ford,Focus,2010,1100,60.0,Petrol,Manual,First,121498,5340.51
Toyota,Prius,2018,1400,69.9,Diesel,Automatic,First,87464,10928.33
BMW,M3,2007,2300,124.7,Petrol,Automatic,Second,179069,10617.84
Honda,Civic,2020,800,60.0,Petrol,Automatic,Second,45541,12501.11
Honda,Civic,2020,1400,70.7,Petrol,Automatic,Third,30240,10412.81
BMW,M3,2012,2000,104.7,Diesel,Automatic,First,158424,14969.17
Toyota,Highlander,2017,1100,67.5,Petrol,Manual,Second,49776,9035.79
Audi,A4,2010,2400,123.3,Petrol,Automatic,Third,114045,10087.11
Hyundai,Kona,2016,1400,75.5,Petrol,Automatic,Third,25045,5540.57
Mercedes,C-Class,2008,2200,118.8,Petrol,Automatic,Third,122513,10930.92
Honda,Pilot,2018,1700,102.1,Hybrid,Automatic,Second,77793,10884.55
Chevrolet,Silverado,2016,800,60.0,Electric,Automatic,First,93009,10823.42
Honda,Civic,2013,1400,77.8,Diesel,Automatic,First,132664,5741.68
Ford,Escape,2006,900,61.4,Petrol,Automatic,First,142269,4585.26
Honda,CR-V,2013,1300,66.6,Petrol,Manual,Second,128499,4445.27
Hyundai,Kona,2017,900,70.9,Diesel,Automatic,First,98175,7360.59
Nissan,Sentra,2012,1300,60.0,Petrol,Automatic,Second,124862,4060.48
Kia,Soul,2019,900,60.0,Diesel,Manual,Second,58610,8192.82
Chevrolet,Malibu,2011,1300,81.1,Petrol,Automatic,First,181391,4894.26
Ford,Focus,2009,1400,81.6,Diesel,Automatic,First,162193,5210.52
Hyundai,Santa Fe,2016,1300,71.0,Petrol,Manual,First,107921,6051.23
Toyota,Prius,2012,1200,65.1,Electric,Manual,First,159883,5998.78
Toyota,Corolla,2021,1100,65.1,Diesel,Manual,First,26650,15508.25
Toyota,Prius,2011,1500,106.9,Petrol,Automatic,Second,152742,4368.16
BMW,X3,2021,2000,101.3,Electric,Automatic,First,51393,60070.62
Hyundai,Sonata,2016,1000,74.3,Petrol,Automatic,First,102104,6807.79
Ford,Focus,2006,1200,81.6,Petrol,Automatic,Second,155445,3931.66
Hyundai,Santa Fe,2012,800,60.0,Petrol,Automatic,First,104122,4095.02
Ford,F-150,2016,1000,60.0,Diesel,Manual,First,76324,10348.15
Honda,HR-V,2015,800,60.0,Hybrid,Automatic,First,94036,8037.87
Mercedes,GLE,2010,2300,138.1,Petrol,Automatic,First,206459,13641.72
Mercedes,GLC,2007,3300,185.8,Diesel,Automatic,First,157261,15077.69
Toyota,Corolla,2005,1000,60.0,Petrol,Automatic,First,320422,3028.83
Mercedes,E-Class,2020,2300,139.4,Petrol,Automatic,Second,32063,56907.59
Ford,Explorer,2011,1700,80.2,Petrol,Automatic,First,108235,5930.25
BMW,X3,2010,1900,131.2,Diesel,Automatic,First,177663,13554.62
Honda,Civic,2006,900,68.9,Petrol,Automatic,Third,142420,2771.23
Toyota,Prius,2018,1800,102.2,Diesel,Automatic,Second,87036,9671.39
Hyundai,Sonata,2007,1000,63.2,Diesel,Manual,First,222159,2093.35
Toyota,Highlander,2019,1500,85.7,Petrol,Manual,First,59483,11467.7
Mercedes,C-Class,2016,2700,162.7,Petrol,Automatic,Second,121996,30644.52
Kia,Sorento,2012,1600,85.5,Petrol,Automatic,First,152675,3814.6
Hyundai,Santa Fe,2020,1500,82.7,Hybrid,Automatic,Second,42882,10826.22
Hyundai,Sonata,2012,800,60.0,Petrol,Automatic,First,115359,4269.37
Honda,HR-V,2017,800,60.0,Petrol,Automatic,First,100643,9302.2
Chevrolet,Silverado,2019,1600,107.5,Diesel,Automatic,First,77984,14788.32
Audi,Q5,2021,1900,99.2,Diesel,Automatic,First,52000,45503.89
Honda,Civic,2020,1600,96.5,Petrol,Automatic,First,54768,15338.05
BMW,M3,2008,2300,135.2,Petrol,Manual,First,177495,10162.89
Ford,Escape,2013,1800,92.0,Petrol,Automatic,First,118324,7855.26
Nissan,Murano,2014,800,60.0,Hybrid,Automatic,Second,107519,5898.28
Ford,Mustang,2017,1300,60.0,Diesel,Automatic,First,56868,12756.12
BMW,M3,2008,2400,130.3,Electric,Automatic,First,148558,15620.88
Chevrolet,Silverado,2020,1300,66.5,Diesel,Automatic,First,45717,17865.87
Mercedes,E-Class,2020,2800,162.6,Diesel,Manual,Third,45835,46556.68
Audi,A6,2022,2000,108.7,Petrol,Automatic,Second,23496,47414.6
Mercedes,GLC,2011,2600,139.4,Diesel,Manual,First,179806,16686.47
Mercedes,GLC,2020,2700,169.4,Petrol,Automatic,Second,36568,55215.11
Kia,Sorento,2020,1200,60.0,Diesel,Automatic,Third,21091,8893.71
Hyundai,Sonata,2020,1400,94.4,Petrol,Automatic,First,40172,10598.86
Ford,Focus,2006,1400,65.8,Diesel,Automatic,First,212646,4265.12
Hyundai,Kona,2006,1200,70.0,Electric,Automatic,Second,186187,2829.4
Honda,Civic,2017,900,60.0,Petrol,Manual,Second,83691,7664.9
BMW,3 Series,2021,2300,119.2,Diesel,Automatic,Third,32528,39787.37
Chevrolet,Malibu,2010,1500,100.7,Petrol,Automatic,Third,126627,3486.22
Nissan,Pathfinder,2018,1800,107.3,Diesel,Automatic,Second,64416,9347.26
Ford,Explorer,2010,1700,117.8,Hybrid,Manual,First,186769,4903.56
Nissan,Murano,2013,1300,66.9,Petrol,Manual,Second,120138,4536.01
Toyota,Highlander,2020,1100,60.0,Petrol,Automatic,First,30815,15753.11
Chevrolet,Silverado,2019,800,60.0,Petrol,Automatic,First,49992,14306.37
BMW,X3,2007,2300,140.7,Petrol,Manual,Second,176514,10028.47
Hyundai,Kona,2013,800,60.0,Electric,Automatic,First,135907,5505.9
Audi,A4,2008,1600,108.8,Hybrid,Automatic,First,253506,9812.2
Toyota,Camry,2008,1100,60.1,Hybrid,Manual,First,267043,3447.91
Honda,HR-V,2010,1100,85.6,Diesel,Automatic,Third,81846,3619.38
Kia,Sportage,2021,1700,90.8,Electric,Automatic,First,46128,14261.46
Mercedes,C-Class,2009,2400,112.9,Petrol,Automatic,Third,160740,11297.57
Toyota,RAV4,2008,1400,90.4,Hybrid,Manual,First,96599,4551.23
Ford,Focus,2013,1500,102.2,Hybrid,Manual,Second,113625,6753.38
Mercedes,E-Class,2018,2200,130.5,Petrol,Automatic,First,92503,42391.95
Hyundai,Tucson,2022,800,60.0,Petrol,Manual,First,26013,12115.57
Toyota,Prius,2011,1600,83.7,Petrol,Manual,First,149921,4695.1
Mercedes,C-Class,2014,2500,131.6,Petrol,Manual,First,125022,25268.46
Hyundai,Sonata,2020,900,60.0,Petrol,Automatic,First,37476,12205.74
Toyota,Prius,2022,1800,105.7,Electric,Automatic,Second,18642,18845.03
Hyundai,Santa Fe,2017,800,60.0,Petrol,Automatic,Second,63193,6484.03
Toyota,RAV4,2014,1600,76.9,Petrol,Automatic,Second,141366,5919.63
Ford,Focus,2012,1700,110.8,Petrol,Manual,First,180559,5462.62
Ford,F-150,2019,1300,74.3,Diesel,Manual,First,47918,14545.9
Hyundai,Kona,2010,1300,94.3,Hybrid,Automatic,Second,122312,3348.06
Kia,Sorento,2005,800,60.0,Petrol,Manual,First,288057,2055.88
Hyundai,Elantra,2014,800,60.0,Petrol,Automatic,Second,71023,4860.12
Honda,Civic,2006,1100,71.9,Petrol,Automatic,First,320979,2755.23
Ford,Escape,2016,1500,69.5,Petrol,Manual,First,37963,11722.68
Ford,F-150,2009,1600,104.8,Hybrid,Manual,First,204981,4014.62
Audi,A4,2008,1800,97.6,Petrol,Automatic,First,173043,9834.89
Hyundai,Sonata,2007,900,60.0,Petrol,Manual,First,261084,2001.88
Hyundai,Elantra,2010,1000,60.0,Petrol,Automatic,First,135735,3176.34
Chevrolet,Camaro,2006,1300,71.2,Petrol,Automatic,Second,72228,4381.79
Chevrolet,Camaro,2010,1300,69.2,Petrol,Automatic,First,92203,5240.89
Audi,Q5,2018,1800,109.3,Petrol,Manual,Third,52988,24634.9
Chevrolet,Malibu,2012,1400,88.0,Petrol,Manual,First,180294,5023.43
Honda,Civic,2012,1100,67.3,Electric,Automatic,Second,123453,5738.13
Ford,Mustang,2018,1300,85.0,Petrol,Automatic,Second,43698,13009.32
Hyundai,Kona,2008,800,60.0,Diesel,Automatic,First,170794,2997.18
Mercedes,E-Class,2022,2300,120.9,Petrol,Manual,First,15677,73567.53
Chevrolet,Equinox,2007,900,60.0,Electric,Automatic,First,198407,4558.29
Mercedes,GLE,2021,2600,149.2,Hybrid,Automatic,First,19733,75394.84
BMW,M3,2008,2300,115.4,Petrol,Automatic,Second,142671,10907.18
Mercedes,E-Class,2010,2200,116.2,Petrol,Automatic,First,203601,15228.43
Hyundai,Tucson,2009,800,60.0,Diesel,Automatic,Second,209293,2149.57
Hyundai,Kona,2013,1400,92.8,Electric,Manual,First,126788,4810.03
Honda,Civic,2021,1300,60.0,Petrol,Automatic,Third,27408,11386.08
BMW,X3,2011,2100,131.9,Petrol,Automatic,Third,68704,12301.18
Hyundai,Kona,2022,900,60.0,Hybrid,Manual,First,16347,16694.56
Nissan,Altima,2009,1300,68.0,Petrol,Automatic,Second,150455,3204.77
Chevrolet,Equinox,2017,1100,67.5,Electric,Automatic,First,108902,10933.5
Ford,Focus,2014,1200,60.0,Hybrid,Automatic,Third,125408,6481.15
Audi,A6,2008,2300,132.5,Petrol,Automatic,First,236828,8826.94
Chevrolet,Traverse,2022,1000,62.2,Petrol,Automatic,First,16528,20276.16
Honda,HR-V,2009,800,60.0,Petrol,Automatic,Second,133738,3433.64
Honda,Pilot,2017,1600,93.1,Petrol,Automatic,Second,104821,8638.2
Kia,Sportage,2020,800,60.0,Petrol,Manual,First,59405,8940.27
Nissan,Pathfinder,2008,1200,64.0,Petrol,Automatic,First,224555,3031.53
Ford,Mustang,2020,900,60.0,Petrol,Automatic,First,56287,18037.55
Toyota,Highlander,2006,1900,98.0,Electric,Automatic,Second,184569,3883.65
Nissan,Pathfinder,2018,800,60.0,Electric,Manual,First,51479,11327.11
BMW,5 Series,2019,1700,105.0,Petrol,Automatic,First,48840,43708.16
Kia,Sorento,2021,1400,69.2,Hybrid,Automatic,First,27071,13058.12
Audi,Q5,2006,1700,70.0,Electric,Automatic,Second,167721,10085.14
Toyota,Highlander,2011,800,60.0,Petrol,Automatic,Second,136762,4244.09
Chevrolet,Silverado,2021,800,60.0,Hybrid,Automatic,Third,16282,14612.04
Honda,CR-V,2018,1300,74.5,Petrol,Automatic,Second,69007,9605.07
Toyota,Prius,2018,800,60.0,Petrol,Manual,First,86971,11130.17
Toyota,Camry,2006,1200,72.0,Hybrid,Automatic,First,167774,4363.23
Chevrolet,Traverse,2018,900,60.0,Petrol,Manual,Second,65391,8776.33
BMW,M3,2020,2100,119.1,Hybrid,Automatic,First,70804,47007.4
Nissan,Murano,2006,1000,60.0,Hybrid,Automatic,Third,158335,2789.18
Audi,A3,2006,1900,104.5,Diesel,Automatic,Second,265504,8666.92
Honda,Pilot,2016,1000,71.0,Hybrid,Automatic,First,108198,8903.28
Kia,Sorento,2012,800,60.0,Electric,Manual,Second,63615,4229.7
Toyota,RAV4,2018,1000,65.8,Petrol,Automatic,Second,86180,9931.32
Toyota,Camry,2011,1200,60.0,Petrol,Manual,First,201549,3816.12
Ford,Focus,2012,1500,89.3,Electric,Automatic,Second,153649,6638.38
Ford,F-150,2011,1300,84.9,Petrol,Manual,First,123714,6150.02
BMW,X3,2021,2500,150.1,Petrol,Manual,First,10859,49980.23
Honda,CR-V,2019,1400,88.6,Hybrid,Automatic,Second,18855,14124.93
Mercedes,GLC,2019,2100,101.1,Hybrid,Manual,First,78954,52181.61
Honda,CR-V,2022,900,60.0,Diesel,Manual,First,24546,17559.97
Ford,F-150,2017,1400,82.2,Electric,Automatic,First,61199,14562.62
Honda,HR-V,2017,1500,98.6,Hybrid,Automatic,First,39578,12515.23
Hyundai,Tucson,2010,800,60.0,Electric,Manual,First,159136,3222.69
Mercedes,GLC,2008,2400,134.5,Diesel,Automatic,First,215945,12866.85
Nissan,Rogue,2015,1300,75.4,Petrol,Manual,First,118894,5904.94
Audi,Q5,2009,1900,105.6,Diesel,Automatic,First,239463,9930.84
Hyundai,Elantra,2012,900,60.0,Petrol,Manual,Second,89107,3882.66
Kia,Soul,2021,1300,62.0,Petrol,Manual,Second,31643,9773.93
Kia,Optima,2021,1200,60.0,Electric,Manual,Second,56155,10810.02
Honda,HR-V,2021,1000,64.2,Petrol,Automatic,Second,19725,13168.81
Ford,Explorer,2019,1800,91.8,Petrol,Automatic,Third,63118,11472.4
Kia,Optima,2008,1000,62.9,Electric,Automatic,First,318542,2597.01
Chevrolet,Silverado,2007,1400,81.8,Diesel,Automatic,Second,145761,3919.48
Chevrolet,Malibu,2005,1600,82.4,Petrol,Automatic,First,154566,4184.72
Audi,A4,2008,1800,88.9,Hybrid,Automatic,Second,203596,9277.23
Kia,Soul,2016,1200,86.8,Hybrid,Automatic,First,149353,5218.93
Honda,Pilot,2021,1500,99.8,Electric,Manual,First,50816,16978.98
Chevrolet,Camaro,2005,1100,62.9,Petrol,Automatic,Second,264914,2878.12
Audi,A6,2013,1700,89.8,Petrol,Manual,Second,149599,12871.63
Kia,Sportage,2006,800,60.0,Diesel,Automatic,First,140627,2923.88
Honda,Civic,2018,900,60.0,Petrol,Automatic,Second,58345,9686.8
Mercedes,A-Class,2009,2400,121.4,Diesel,Automatic,Third,66414,14223.62
Audi,A3,2021,2500,146.5,Petrol,Automatic,Third,30119,33653.87
Toyota,Camry,2015,900,60.0,Petrol,Automatic,Second,136241,6615.99
Hyundai,Tucson,2021,800,60.0,Petrol,Manual,First,36268,11518.87
Honda,Civic,2021,1900,103.3,Petrol,Automatic,Second,46416,14121.59
Hyundai,Santa Fe,2015,1600,105.5,Petrol,Automatic,Second,90019,5397.3
Ford,Focus,2020,1400,82.0,Hybrid,Manual,First,55325,17335.08
Hyundai,Kona,2013,800,60.0,Petrol,Manual,First,77884,4664.65
Mercedes,GLC,2018,2500,135.1,Hybrid,Manual,Third,54138,35714.26
Nissan,Sentra,2018,1400,73.2,Petrol,Manual,First,46017,9745.92
Ford,Mustang,2016,800,60.0,Electric,Automatic,Second,78110,11959.21
Ford,Mustang,2013,1800,91.1,Hybrid,Automatic,First,132018,8135.73
Honda,Civic,2017,1500,70.1,Petrol,Automatic,First,80064,9650.9
Chevrolet,Malibu,2008,1500,78.7,Electric,Automatic,First,186822,4399.3
Hyundai,Santa Fe,2022,1300,60.0,Diesel,Automatic,First,30967,14631.95
Chevrolet,Traverse,2005,1400,60.0,Petrol,Automatic,First,240766,3623.17
BMW,X3,2009,2200,130.7,Petrol,Automatic,First,127442,12065.26
Hyundai,Sonata,2014,1100,79.0,Diesel,Automatic,Second,79649,5046.92
BMW,3 Series,2021,2300,135.9,Petrol,Manual,Second,22597,46797.56
Honda,Civic,2021,1100,60.0,Petrol,Automatic,First,41947,15239.31
Chevrolet,Camaro,2016,1200,60.1,Petrol,Automatic,First,88855,9309.55
Hyundai,Tucson,2013,1100,68.3,Electric,Automatic,Third,71487,4141.54
Nissan,Rogue,2006,1100,64.1,Petrol,Automatic,First,218224,2870.86
Chevrolet,Camaro,2015,1200,61.1,Petrol,Automatic,First,110065,8284.67
Hyundai,Santa Fe,2011,800,60.0,Petrol,Automatic,First,123800,3627.76
Toyota,Prius,2013,800,60.0,Diesel,Manual,Second,166732,4313.42
Audi,A3,2020,2400,123.6,Diesel,Automatic,First,43763,44299.47
Nissan,Rogue,2015,1300,83.0,Diesel,Manual,First,96332,6508.93
Toyota,Prius,2014,1200,68.1,Petrol,Automatic,First,148082,6299.47
Chevrolet,Equinox,2009,900,60.0,Petrol,Automatic,First,202924,3817.97
Hyundai,Santa Fe,2022,1000,76.6,Petrol,Manual,Second,12901,11751.98
Chevrolet,Malibu,2019,1500,81.5,Diesel,Automatic,Second,47134,14151.25
Mercedes,GLE,2020,2500,130.8,Diesel,Automatic,Third,41824,44512.73
Mercedes,C-Class,2008,2800,146.5,Hybrid,Automatic,Third,128538,13503.54
Kia,Sportage,2022,1100,60.0,Hybrid,Automatic,First,17433,15290.56
BMW,X5,2007,2400,130.0,Petrol,Automatic,First,168677,13567.09
Hyundai,Tucson,2008,1200,60.0,Petrol,Automatic,First,194957,2328.85
Mercedes,E-Class,2011,2600,149.1,Petrol,Automatic,Second,169221,16884.52
BMW,M3,2009,2100,124.6,Petrol,Manual,First,203631,9871.07
Toyota,Highlander,2018,1300,71.4,Petrol,Automatic,Second,54376,10583.85
Nissan,Altima,2010,1300,60.0,Petrol,Manual,First,186045,3072.43
Chevrolet,Silverado,2017,1100,60.0,Diesel,Automatic,First,55231,11947.5
Nissan,Rogue,2015,1000,60.0,Petrol,Manual,First,126045,6352.01
Nissan,Rogue,2022,900,60.0,Diesel,Automatic,First,27074,15970.46
Hyundai,Sonata,2018,1200,60.0,Hybrid,Manual,Second,37793,8842.55
Nissan,Rogue,2009,800,60.0,Hybrid,Manual,Second,113571,3380.81
Hyundai,Kona,2011,800,60.0,Diesel,Automatic,First,191626,3085.27
Mercedes,A-Class,2022,2900,145.6,Petrol,Automatic,Second,18926,67317.12
Hyundai,Kona,2006,1000,73.8,Hybrid,Automatic,First,171695,3028.38
Audi,Q7,2016,2000,112.0,Hybrid,Automatic,Second,100195,23304.9
Toyota,Camry,2019,1600,89.2,Petrol,Automatic,Second,51204,10743.69
Honda,Accord,2021,800,60.0,Hybrid,Manual,Second,6434,15312.83
Nissan,Rogue,2006,800,60.0,Petrol,Manual,First,225989,2742.22
Hyundai,Santa Fe,2012,800,60.0,Hybrid,Manual,Second,152909,3752.5
Honda,CR-V,2018,1300,67.7,Hybrid,Automatic,Third,51488,9185.24
Chevrolet,Traverse,2014,1400,64.7,Hybrid,Automatic,First,109514,8829.05
Nissan,Pathfinder,2009,1000,60.0,Petrol,Automatic,First,197475,3079.05
Mercedes,C-Class,2006,2600,131.0,Petrol,Manual,Second,203931,10750.05
Hyundai,Sonata,2010,800,60.0,Electric,Manual,Second,148797,2851.27
Chevrolet,Camaro,2015,800,60.0,Hybrid,Manual,Third,55221,7102.88
Audi,A3,2020,1900,93.3,Diesel,Automatic,Second,70557,33945.97
Honda,Civic,2019,900,60.0,Petrol,Manual,Second,62399,9538.71
Mercedes,E-Class,2013,2600,137.0,Diesel,Automatic,First,135035,25560.44
Ford,F-150,2017,1600,87.8,Hybrid,Automatic,Third,57470,10641.29
Nissan,Pathfinder,2016,1000,61.7,Diesel,Automatic,First,137086,6684.6
Toyota,Corolla,2010,800,60.0,Diesel,Manual,First,241379,3119.83
Chevrolet,Camaro,2007,1900,109.6,Petrol,Automatic,First,202099,3412.57
Hyundai,Kona,2010,1300,73.3,Petrol,Automatic,First,219094,2670.67
Nissan,Pathfinder,2005,800,60.0,Petrol,Automatic,First,252465,2569.62
Audi,A6,2020,1800,88.3,Diesel,Manual,First,42312,41205.29
Chevrolet,Equinox,2018,1100,60.0,Electric,Manual,Second,82628,11970.11
Hyundai,Kona,2013,800,60.0,Hybrid,Manual,First,114635,4948.25
Ford,Mustang,2012,1100,70.9,Electric,Automatic,Second,146353,6383.12
Audi,A4,2021,2200,119.5,Diesel,Manual,First,34186,45918.82
Chevrolet,Traverse,2005,1400,64.9,Petrol,Automatic,Second,150834,3583.47
Ford,Escape,2020,1700,96.1,Hybrid,Automatic,Third,37279,14274.92
Chevrolet,Silverado,2019,1300,68.0,Hybrid,Automatic,First,57550,15129.37
Honda,Accord,2014,1000,60.0,Petrol,Manual,First,118844,6071.93
Ford,Explorer,2021,1000,60.0,Petrol,Manual,Second,31387,15261.13
Kia,Soul,2019,1300,83.5,Diesel,Manual,First,54947,10358.54
Nissan,Altima,2014,1000,60.0,Petrol,Automatic,First,132976,6051.48
Mercedes,A-Class,2014,2300,128.2,Petrol,Automatic,Second,94232,25768.08
Ford,Escape,2013,800,79.4,Electric,Automatic,Second,100948,7565.18
BMW,X3,2017,2300,121.0,Petrol,Automatic,First,100977,28566.55
BMW,X5,2018,1700,99.4,Petrol,Automatic,First,41011,39006.07
Honda,Accord,2020,1300,74.7,Hybrid,Automatic,Second,31058,14358.91
Ford,Mustang,2011,900,60.0,Hybrid,Automatic,First,155108,6305.04
Honda,HR-V,2022,1400,76.9,Hybrid,Manual,First,26692,17692.41
Hyundai,Elantra,2015,800,60.0,Petrol,Automatic,Second,97915,5744.09
Toyota,Corolla,2010,1300,83.6,Petrol,Automatic,First,155658,4125.96
Mercedes,E-Class,2022,2600,155.1,Diesel,Automatic,First,17525,90361.31
Hyundai,Sonata,2008,1100,69.3,Petrol,Manual,First,119068,2993.9
Hyundai,Elantra,2017,800,60.0,Petrol,Automatic,First,41465,7516.62
Toyota,Highlander,2015,900,60.0,Petrol,Manual,First,95293,6897.96
Toyota,Highlander,2007,800,60.0,Electric,Manual,Third,189201,3014.03
Hyundai,Sonata,2019,1000,78.8,Petrol,Manual,Second,80784,7633.94
BMW,M3,2008,2300,124.9,Petrol,Manual,Second,148764,10314.03
Nissan,Altima,2009,1000,60.0,Electric,Manual,First,190708,3437.33
Ford,F-150,2012,1800,118.1,Hybrid,Manual,Second,69711,6082.99
Audi,A4,2020,1600,102.6,Diesel,Automatic,First,27989,50326.58
Ford,Explorer,2018,1300,71.0,Petrol,Manual,First,68604,12401.72
Honda,Pilot,2022,1200,61.5,Petrol,Manual,First,35944,16300.09
Nissan,Pathfinder,2010,1000,60.0,Diesel,Automatic,Second,116757,3675.15
Honda,Accord,2006,1800,98.5,Petrol,Automatic,First,251632,2958.82
Ford,Escape,2009,1100,60.0,Diesel,Automatic,Third,161063,3582.91
Toyota,Corolla,2017,900,60.1,Electric,Automatic,First,91942,11713.32
Ford,Mustang,2017,1100,60.0,Petrol,Manual,Second,123821,8214.55
Honda,CR-V,2014,1600,104.5,Petrol,Manual,First,100051,6210.62
Chevrolet,Camaro,2021,1300,61.4,Petrol,Automatic,Second,38353,15247.7
Mercedes,E-Class,2019,2100,117.1,Electric,Automatic,Second,37950,51250.56
Audi,A3,2022,1900,97.4,Petrol,Manual,First,19464,50721.95
Ford,Mustang,2021,1700,76.9,Diesel,Automatic,Second,51939,18683.88
Toyota,RAV4,2011,1300,66.5,Diesel,Automatic,Second,97385,5109.87
Audi,A6,2008,2200,117.0,Diesel,Automatic,First,272657,9333.54
Honda,Civic,2020,1600,84.9,Petrol,Automatic,Second,40531,12854.04
Honda,Accord,2022,1100,66.4,Petrol,Automatic,Second,28281,15980.35
Honda,Accord,2021,1000,64.7,Hybrid,Automatic,Third,37298,13292.89
Ford,Mustang,2005,1100,60.0,Petrol,Automatic,Third,191331,3403.86
Kia,Sportage,2021,1600,77.6,Petrol,Automatic,Second,37253,10378.38
Toyota,RAV4,2013,1100,60.0,Petrol,Manual,First,170320,5240.87
Toyota,Camry,2021,1600,90.5,Petrol,Automatic,First,51964,16124.51
Ford,Explorer,2016,1400,87.8,Diesel,Manual,First,92784,10727.67
Audi,A4,2016,2300,117.6,Petrol,Manual,Second,66417,21193.58
Ford,F-150,2007,1900,84.0,Diesel,Automatic,Second,134290,4869.52
Hyundai,Sonata,2018,1300,63.2,Electric,Manual,First,49949,9614.77
Toyota,Corolla,2020,1000,60.0,Petrol,Manual,Second,46660,12391.47
Mercedes,E-Class,2016,2600,129.2,Electric,Automatic,First,120228,39010.38
Hyundai,Elantra,2022,900,60.0,Petrol,Automatic,Second,24681,12233.75
BMW,3 Series,2012,2400,131.3,Petrol,Automatic,First,129390,18343.4
Hyundai,Sonata,2011,1100,61.1,Diesel,Automatic,First,190195,3318.96
Nissan,Sentra,2022,1200,63.6,Hybrid,Manual,First,25529,17691.22
Chevrolet,Silverado,2015,1700,108.4,Diesel,Automatic,First,87525,8933.43
Hyundai,Sonata,2011,1500,79.0,Diesel,Automatic,Second,125918,3287.39
Ford,F-150,2013,1200,60.0,Diesel,Automatic,First,142204,7285.14
Honda,Civic,2022,1200,66.7,Diesel,Automatic,Second,16882,16654.64
Nissan,Murano,2022,800,60.0,Petrol,Automatic,First,31236,15578.34
Chevrolet,Silverado,2005,1000,60.0,Diesel,Automatic,First,162439,4251.35
Hyundai,Kona,2022,1000,63.2,Petrol,Automatic,Second,14659,13170.59
BMW,3 Series,2019,2000,97.9,Electric,Automatic,Second,54428,46160.38
Honda,Accord,2007,1000,61.1,Petrol,Automatic,Second,145224,3419.34
Honda,Civic,2010,1300,72.5,Petrol,Automatic,Second,113965,4180.01
Toyota,Camry,2012,1100,60.0,Petrol,Manual,First,147246,5346.12
Ford,F-150,2011,1600,86.7,Hybrid,Automatic,Second,159715,5051.56
Toyota,Highlander,2010,1700,106.0,Petrol,Automatic,Second,190358,3436.03
BMW,X5,2009,2300,150.7,Petrol,Automatic,Second,229803,8421.0
BMW,M3,2009,2500,133.7,Petrol,Automatic,First,184452,12220.2
Honda,Accord,2007,1300,90.7,Diesel,Automatic,First,152054,3694.98
Ford,Mustang,2020,1400,84.3,Petrol,Manual,Second,26110,14092.52
Kia,Stinger,2021,1100,60.0,Hybrid,Manual,Third,21390,9933.36
Honda,HR-V,2017,1500,88.0,Petrol,Automatic,First,79259,10007.02
BMW,X5,2016,2500,156.6,Petrol,Manual,Second,89829,24456.59
Kia,Sportage,2006,1400,86.9,Electric,Manual,First,170218,3154.93
Toyota,RAV4,2021,800,60.0,Petrol,Automatic,Third,31796,12401.4
Ford,Explorer,2020,1500,74.4,Petrol,Manual,First,26991,17265.1
Chevrolet,Camaro,2020,1400,76.3,Petrol,Automatic,First,45777,16354.17
Chevrolet,Equinox,2005,1100,60.0,Electric,Automatic,Third,158205,3396.48
Chevrolet,Camaro,2009,1400,71.4,Hybrid,Automatic,Second,153834,4177.46
Mercedes,E-Class,2010,2500,130.7,Hybrid,Manual,First,213975,14727.0
Audi,A4,2005,2100,110.0,Petrol,Manual,Second,125154,9500.2
Toyota,RAV4,2010,1300,71.8,Diesel,Automatic,First,268944,3493.32
Honda,Civic,2005,1300,73.2,Petrol,Automatic,First,277550,2873.56
Audi,A3,2009,2400,107.3,Diesel,Manual,Second,188004,8711.06
Kia,Sorento,2021,800,60.0,Petrol,Manual,Second,33148,9816.02
Hyundai,Elantra,2014,800,60.0,Petrol,Automatic,First,131863,5044.8
Ford,F-150,2010,1500,71.9,Petrol,Manual,First,172992,4201.65
Chevrolet,Silverado,2022,800,60.0,Petrol,Manual,First,13569,18536.87
Chevrolet,Traverse,2011,1900,115.0,Petrol,Manual,First,201809,3964.95
Hyundai,Santa Fe,2005,800,60.0,Petrol,Automatic,First,257142,2269.22
Honda,Accord,2007,1700,95.0,Hybrid,Automatic,First,211960,3546.02
Audi,Q7,2019,2200,126.3,Hybrid,Automatic,First,44480,42459.55
Hyundai,Kona,2010,1400,77.8,Petrol,Automatic,First,105910,3413.82
Audi,A6,2019,2200,113.6,Petrol,Automatic,First,42135,38522.88
Audi,A6,2008,2000,107.8,Diesel,Automatic,Second,159305,9670.19
Audi,A3,2017,2000,105.9,Diesel,Automatic,First,74499,32626.96
Mercedes,GLC,2009,2300,134.5,Diesel,Automatic,Second,185763,13818.75
Hyundai,Kona,2021,800,60.0,Diesel,Manual,Third,28526,8668.74
Ford,Focus,2017,1600,93.5,Diesel,Automatic,First,64953,13826.0
Kia,Sportage,2012,800,60.0,Petrol,Automatic,First,227519,2811.89
Chevrolet,Silverado,2005,1700,89.4,Petrol,Automatic,First,348003,3298.37
Toyota,Camry,2014,1400,87.2,Electric,Automatic,Second,115438,8041.1
Audi,Q5,2008,2100,123.6,Petrol,Manual,First,197174,9940.23
Honda,Civic,2011,1200,60.0,Diesel,Automatic,Third,99745,3885.54
Honda,Accord,2016,900,60.0,Petrol,Manual,First,131364,7394.36
Hyundai,Tucson,2010,800,60.0,Hybrid,Automatic,First,131527,3526.24
Hyundai,Kona,2018,1000,60.0,Diesel,Automatic,First,79178,8943.63
BMW,X3,2014,2000,99.5,Diesel,Automatic,Second,114579,19184.84
Honda,Civic,2014,1000,60.0,Petrol,Automatic,Second,75997,6489.9
BMW,M3,2014,1800,90.5,Electric,Automatic,First,123385,27239.76
Honda,Pilot,2020,1100,60.0,Petrol,Automatic,Second,27298,13389.96
Hyundai,Elantra,2006,800,60.0,Petrol,Manual,Second,205841,2221.23
BMW,5 Series,2021,2000,115.5,Hybrid,Manual,First,32991,55602.68
Toyota,Prius,2008,1200,60.0,Hybrid,Automatic,Second,125206,3912.8
BMW,M3,2016,2300,138.8,Petrol,Manual,First,126188,23675.82
Honda,Accord,2009,1000,60.0,Diesel,Manual,First,147597,3407.77
Hyundai,Tucson,2022,1200,64.9,Petrol,Manual,First,30106,12402.07
Mercedes,C-Class,2017,3100,179.3,Diesel,Automatic,First,88005,39969.77
Hyundai,Kona,2022,1000,60.0,Petrol,Automatic,First,15120,13289.14
Ford,Escape,2013,1600,92.5,Electric,Manual,First,176199,7106.08
BMW,X5,2007,2700,121.6,Petrol,Automatic,Third,167381,9295.98
Honda,Accord,2016,1200,66.8,Diesel,Manual,First,115850,7548.43
Chevrolet,Traverse,2021,800,60.0,Petrol,Manual,Third,37838,11691.95
Audi,Q5,2018,1900,104.8,Petrol,Automatic,First,85889,31468.39
Audi,A4,2022,2100,112.6,Petrol,Automatic,Second,20651,42650.09
Hyundai,Santa Fe,2022,1400,64.8,Petrol,Automatic,First,18308,13942.49
Toyota,Camry,2016,1800,107.6,Petrol,Automatic,Second,91735,7905.13
Chevrolet,Equinox,2007,800,60.0,Hybrid,Automatic,First,230888,3967.52
Nissan,Murano,2018,1000,68.9,Petrol,Automatic,Second,72261,9170.65
Hyundai,Tucson,2009,800,60.0,Petrol,Manual,First,121641,2657.48
Mercedes,GLE,2017,2600,153.5,Hybrid,Manual,First,62106,42423.99
Kia,Stinger,2012,1200,68.6,Petrol,Manual,Second,95837,3427.7
Nissan,Altima,2005,1500,90.9,Petrol,Automatic,First,246137,2682.87
Nissan,Rogue,2012,1000,65.4,Hybrid,Manual,First,124812,4899.07
Toyota,Camry,2005,1100,60.0,Electric,Automatic,Second,195731,3696.23
Audi,A6,2007,2000,120.0,Diesel,Manual,Third,156630,8330.8
Kia,Sorento,2022,800,60.0,Electric,Automatic,First,13544,15835.56
Toyota,Camry,2007,800,60.0,Diesel,Automatic,Second,237034,2977.95
Chevrolet,Camaro,2016,1300,75.4,Diesel,Manual,Second,84782,8324.75
Honda,CR-V,2008,1000,60.0,Diesel,Automatic,First,152995,3830.35
Ford,Focus,2021,1300,66.5,Diesel,Automatic,Third,23934,15338.79
Chevrolet,Camaro,2018,1100,60.0,Petrol,Automatic,Second,51706,10852.88
Toyota,Prius,2006,800,60.0,Petrol,Manual,First,161036,3717.61
Audi,Q5,2011,2400,125.3,Electric,Manual,First,154993,14423.93
Audi,Q7,2014,1800,100.2,Electric,Manual,Second,154816,17867.16
Honda,Accord,2006,800,60.0,Petrol,Automatic,Second,163763,2870.9
BMW,X3,2019,2700,137.6,Diesel,Automatic,First,42392,50932.26
Honda,Pilot,2020,800,60.0,Petrol,Automatic,First,54854,13760.49
Toyota,Corolla,2017,1500,89.3,Diesel,Automatic,Second,51425,10700.96
Kia,Optima,2021,1600,86.7,Hybrid,Automatic,First,30308,13805.15
BMW,X3,2013,2200,115.5,Petrol,Automatic,Second,100278,17290.38
Ford,F-150,2019,1500,82.6,Electric,Automatic,Second,47852,17490.56
Honda,Pilot,2014,1400,81.6,Petrol,Automatic,First,80578,6966.34
Honda,Pilot,2007,1400,66.4,Petrol,Manual,Second,189011,2817.82
BMW,3 Series,2021,2100,113.2,Diesel,Automatic,Third,26109,45104.12
Ford,Mustang,2011,1800,89.5,Diesel,Automatic,First,127186,6193.23
Ford,Escape,2013,1600,104.4,Diesel,Manual,Second,111976,6245.44
Audi,A4,2007,1900,115.6,Petrol,Automatic,Second,161797,9689.42
Mercedes,A-Class,2019,2500,127.6,Petrol,Manual,First,53600,47714.62
Honda,Civic,2020,900,60.0,Diesel,Automatic,First,42806,14581.12
Audi,A4,2006,1800,108.6,Petrol,Automatic,Second,216012,7668.56
Audi,Q5,2013,1700,104.7,Diesel,Automatic,First,170430,15544.01
Ford,Mustang,2013,1000,60.0,Diesel,Automatic,First,120226,7639.63
Nissan,Murano,2021,1200,60.0,Petrol,Automatic,First,20520,13779.79
Ford,Escape,2017,1800,116.8,Diesel,Automatic,First,115864,12943.83
Honda,Civic,2021,1200,69.7,Petrol,Automatic,Third,10032,12564.26
Mercedes,C-Class,2017,2200,113.8,Diesel,Manual,Second,71064,33213.79
Toyota,Highlander,2008,1200,76.4,Diesel,Automatic,Second,199418,3419.65
Kia,Sorento,2018,1000,60.0,Hybrid,Automatic,First,106692,7767.15
Ford,Focus,2006,1300,66.2,Petrol,Automatic,First,240761,3555.61
Audi,A3,2019,2100,118.4,Petrol,Automatic,First,69506,32490.27
Hyundai,Tucson,2010,800,60.0,Petrol,Automatic,Second,199396,2556.24
Toyota,Highlander,2011,1400,95.2,Petrol,Automatic,First,84960,5446.17
Toyota,Prius,2019,1300,70.4,Petrol,Manual,First,43949,13960.37
Kia,Optima,2011,1100,70.6,Petrol,Automatic,First,174730,3223.38
Toyota,RAV4,2013,1600,105.6,Hybrid,Manual,First,120341,6589.64
Toyota,Prius,2019,1700,96.0,Diesel,Manual,Second,56759,12034.93
Hyundai,Kona,2006,1000,67.2,Electric,Automatic,Third,203066,2230.89
Kia,Optima,2008,1100,60.0,Petrol,Automatic,Third,80560,2445.73
Nissan,Murano,2009,1300,63.6,Petrol,Automatic,Second,151338,3052.65
Nissan,Rogue,2009,900,60.0,Petrol,Automatic,First,224631,2474.83
BMW,5 Series,2011,2600,143.5,Petrol,Automatic,Second,170454,12895.89
Ford,Explorer,2006,1300,67.7,Electric,Automatic,First,179577,5051.81
BMW,3 Series,2013,2000,104.8,Petrol,Automatic,Second,116217,19094.66
Toyota,Camry,2005,1100,60.0,Petrol,Automatic,Second,250109,2678.73
BMW,X5,2005,2100,115.3,Petrol,Automatic,First,202198,10775.72
Audi,A4,2012,2500,150.0,Hybrid,Automatic,First,163616,17909.1
Hyundai,Kona,2017,800,60.0,Petrol,Automatic,Second,107481,6635.78
Mercedes,GLE,2020,2600,143.7,Petrol,Manual,Second,20920,47901.09
Audi,A4,2014,2300,127.7,Diesel,Automatic,First,116118,21797.64
Toyota,Highlander,2017,1200,67.2,Petrol,Automatic,First,46178,10642.21
Toyota,Corolla,2019,800,60.0,Petrol,Manual,Second,33661,10928.37
Toyota,Highlander,2015,1000,60.0,Diesel,Automatic,First,67372,8521.03
Chevrolet,Camaro,2013,1200,60.0,Petrol,Manual,Second,145865,4816.16
Hyundai,Kona,2008,800,60.0,Electric,Automatic,Third,115784,2801.29
Chevrolet,Equinox,2017,1300,75.7,Petrol,Manual,First,65623,11085.78
Hyundai,Sonata,2010,800,60.0,Electric,Automatic,Second,119337,3165.85
Chevrolet,Equinox,2011,1500,79.1,Hybrid,Automatic,Third,91489,4647.48
BMW,M3,2016,2500,143.6,Petrol,Automatic,Second,104702,25764.26
Kia,Sorento,2022,1300,66.7,Petrol,Manual,First,29783,13262.91
Honda,Pilot,2006,1400,68.4,Petrol,Automatic,First,221007,3103.25
Ford,Focus,2020,1300,74.8,Petrol,Manual,Second,25191,14503.38
BMW,M3,2022,2200,124.4,Petrol,Manual,First,18132,55147.65
Toyota,Highlander,2005,1200,60.0,Diesel,Automatic,Second,193183,3247.97
Honda,CR-V,2016,800,60.0,Diesel,Manual,First,95485,7618.96
Toyota,RAV4,2014,1300,64.7,Petrol,Automatic,First,106836,8072.69
Chevrolet,Camaro,2014,1100,68.4,Hybrid,Automatic,Second,96821,7261.72
Hyundai,Tucson,2017,1300,75.0,Petrol,Automatic,First,71936,7149.1
Hyundai,Kona,2014,1200,60.0,Electric,Automatic,First,140680,5872.07
Mercedes,C-Class,2007,2400,128.5,Diesel,Manual,Third,134368,12145.25
Chevrolet,Silverado,2012,1300,70.5,Diesel,Automatic,Second,86661,6304.04
Ford,Focus,2020,1400,84.0,Petrol,Manual,First,66793,15991.84
Hyundai,Santa Fe,2010,800,60.0,Petrol,Automatic,First,156897,2815.89
Nissan,Pathfinder,2009,1300,73.6,Petrol,Manual,First,173513,2818.11
Mercedes,C-Class,2020,2400,134.3,Electric,Automatic,Third,45594,48943.61
Audi,A3,2012,1800,112.2,Diesel,Automatic,First,181765,14765.62
Hyundai,Sonata,2013,900,60.0,Diesel,Automatic,Second,172749,3880.65
Toyota,Camry,2017,1400,86.4,Petrol,Automatic,First,80455,10412.22
Mercedes,E-Class,2012,2400,153.7,Hybrid,Manual,First,187634,19879.77
Chevrolet,Equinox,2005,1300,89.4,Diesel,Manual,First,326286,3356.9
Hyundai,Kona,2009,1400,64.4,Petrol,Manual,Second,146928,2353.48
Honda,Civic,2010,1200,65.7,Diesel,Automatic,First,162811,3609.54
Chevrolet,Malibu,2007,900,65.1,Petrol,Manual,First,257990,3148.32
Mercedes,C-Class,2021,2400,130.8,Petrol,Automatic,First,49381,64470.3
Ford,Explorer,2013,1600,83.9,Petrol,Manual,First,118042,6594.61
Audi,A3,2019,1600,93.5,Electric,Automatic,First,75166,43476.65
Toyota,RAV4,2015,1300,77.7,Diesel,Automatic,Second,78618,8237.04
Ford,Focus,2022,1200,69.6,Petrol,Automatic,First,31877,21128.98
Ford,Explorer,2017,1400,75.3,Petrol,Manual,Third,79520,9120.44
Hyundai,Sonata,2021,800,60.0,Petrol,Automatic,Second,37196,10396.62
Toyota,Highlander,2007,1600,60.0,Petrol,Automatic,First,282303,3058.29
Honda,CR-V,2013,1000,60.0,Hybrid,Manual,Second,150541,5186.65
Hyundai,Kona,2006,800,60.0,Diesel,Automatic,First,225347,2506.4
Chevrolet,Malibu,2008,1000,60.0,Petrol,Automatic,First,279729,3295.22
Ford,Mustang,2011,1500,76.6,Petrol,Automatic,Second,162374,5075.98
Chevrolet,Equinox,2018,1300,77.9,Diesel,Automatic,Second,52676,11589.81
Toyota,RAV4,2015,1500,60.0,Petrol,Automatic,Third,143484,5452.68
Toyota,RAV4,2013,1300,76.2,Diesel,Manual,First,181800,5295.1
Nissan,Murano,2019,1100,60.0,Electric,Automatic,First,48126,11774.31
Nissan,Sentra,2016,1200,64.7,Hybrid,Automatic,First,76187,9382.04
Chevrolet,Traverse,2015,1300,68.2,Hybrid,Automatic,First,127946,9386.22
Mercedes,GLC,2013,2800,156.1,Petrol,Automatic,First,97373,27650.93
Ford,Focus,2011,1200,60.0,Diesel,Automatic,First,155651,6105.99
Toyota,RAV4,2022,1500,79.4,Petrol,Automatic,Second,16064,16869.02
Honda,HR-V,2013,1000,60.0,Diesel,Automatic,Second,116712,5428.72
Nissan,Pathfinder,2022,1100,62.7,Petrol,Manual,First,20597,13503.53
Ford,Escape,2020,1900,110.8,Hybrid,Automatic,Second,53048,18684.33
Chevrolet,Traverse,2012,1500,78.6,Hybrid,Manual,Second,127929,5959.05
Kia,Optima,2007,1100,60.0,Hybrid,Automatic,Third,125571,2445.66
Mercedes,C-Class,2012,2900,163.4,Petrol,Manual,Second,133441,18652.22
Ford,Explorer,2020,1600,88.5,Petrol,Automatic,First,39165,18422.07
Toyota,Corolla,2012,1700,107.3,Diesel,Automatic,First,146366,5892.71
Audi,Q5,2020,2700,152.9,Diesel,Automatic,Third,29765,35857.18
Toyota,Highlander,2017,1500,94.9,Petrol,Manual,First,43497,9973.28
Ford,Escape,2022,900,60.0,Hybrid,Manual,Second,15354,20035.56
Nissan,Murano,2006,1200,69.6,Diesel,Automatic,First,274500,2960.27
Toyota,Highlander,2010,1100,63.6,Diesel,Automatic,First,207936,3527.64
Toyota,RAV4,2009,1600,81.6,Petrol,Manual,Second,117521,3605.73
Honda,CR-V,2013,1500,89.7,Petrol,Automatic,Third,85323,4940.98
Nissan,Rogue,2021,800,60.0,Diesel,Automatic,Second,23203,13278.02
Mercedes,GLC,2012,2500,122.8,Electric,Automatic,Second,83348,25827.05
BMW,X5,2011,2100,126.9,Petrol,Automatic,Second,201722,11019.27
Ford,Focus,2009,1300,80.8,Diesel,Manual,First,271124,3542.93
Audi,A3,2006,2300,126.1,Hybrid,Automatic,First,86277,14406.4
Toyota,Prius,2014,1100,60.0,Hybrid,Automatic,First,89910,7498.66
Chevrolet,Silverado,2010,900,60.0,Petrol,Automatic,First,152866,4380.9
Honda,CR-V,2011,900,60.0,Petrol,Automatic,First,171324,4438.85
Nissan,Pathfinder,2005,1100,60.0,Petrol,Automatic,First,220428,2691.25
Chevrolet,Equinox,2018,1200,72.5,Petrol,Automatic,First,107209,11316.64
Ford,Mustang,2012,1100,68.7,Diesel,Manual,First,210627,4737.1
Honda,Accord,2018,1400,84.8,Diesel,Automatic,First,97629,11306.2
Audi,A6,2020,2000,122.5,Diesel,Automatic,Second,47167,40914.78
Honda,Pilot,2013,1200,60.0,Hybrid,Manual,First,131934,5490.95
Mercedes,GLE,2008,3000,165.8,Diesel,Manual,Second,140426,13706.84
Ford,Explorer,2014,1300,61.4,Diesel,Manual,Second,132410,7015.63
Hyundai,Kona,2012,800,62.5,Petrol,Manual,First,194436,2980.89
Hyundai,Elantra,2021,1400,82.9,Petrol,Automatic,Third,45153,9188.85
Toyota,RAV4,2006,1300,60.0,Hybrid,Automatic,Third,94894,3878.12
Hyundai,Elantra,2014,800,60.0,Petrol,Automatic,Second,128699,4040.38
Toyota,Corolla,2021,1300,77.6,Petrol,Automatic,Third,16040,14538.78
Mercedes,GLE,2019,2500,153.6,Petrol,Manual,Second,59138,42179.51
Ford,Explorer,2011,1200,60.0,Diesel,Automatic,Second,137687,5333.48
Ford,Escape,2018,1400,77.8,Electric,Automatic,Second,48786,15055.69
Kia,Stinger,2014,800,61.8,Diesel,Automatic,First,102472,5241.87
Mercedes,A-Class,2015,2300,120.8,Electric,Automatic,Third,110187,25119.34
Toyota,Prius,2017,1400,74.2,Petrol,Automatic,First,91534,10563.48
Mercedes,C-Class,2016,2500,126.4,Petrol,Manual,First,126796,29723.47
Mercedes,GLE,2017,2900,163.9,Diesel,Automatic,Third,90258,32347.31
Hyundai,Kona,2006,1100,60.0,Diesel,Automatic,First,223241,2390.53
Nissan,Rogue,2009,1500,77.6,Diesel,Automatic,Second,184228,2886.95
Hyundai,Sonata,2007,900,60.0,Petrol,Automatic,First,179182,2863.96
Chevrolet,Traverse,2014,1100,64.0,Diesel,Manual,Second,58093,6659.92
Nissan,Murano,2011,1000,74.5,Petrol,Automatic,Third,81827,3461.88
Toyota,Prius,2008,1200,69.9,Petrol,Automatic,First,107294,3990.8
Toyota,Corolla,2019,1000,62.8,Petrol,Automatic,First,47598,15000.78
Audi,A6,2011,2100,114.8,Diesel,Automatic,First,183352,12133.01
Toyota,Camry,2018,900,63.2,Petrol,Automatic,Second,47619,11095.1
Nissan,Pathfinder,2009,1200,70.1,Petrol,Manual,Second,143277,2520.49
Hyundai,Kona,2010,1100,63.7,Diesel,Automatic,First,153516,3164.08
Ford,Explorer,2005,1800,106.9,Hybrid,Automatic,Second,189825,4376.47
Ford,Mustang,2019,2300,133.5,Petrol,Automatic,First,56908,16868.86
Audi,A3,2005,2000,110.7,Petrol,Automatic,First,225533,9145.13
Chevrolet,Equinox,2017,1400,93.5,Petrol,Automatic,First,95510,10553.29
Toyota,RAV4,2021,1200,73.7,Diesel,Manual,Second,27868,14884.77
Toyota,Camry,2019,1200,73.8,Petrol,Automatic,First,82096,13233.59
Honda,Civic,2011,1200,79.6,Hybrid,Automatic,First,185135,4628.47
BMW,X5,2015,2800,152.1,Petrol,Automatic,Second,100439,22321.49
Toyota,RAV4,2011,800,60.0,Petrol,Manual,First,171614,3919.93
Toyota,Corolla,2018,1600,90.1,Petrol,Manual,Third,64355,8473.54
Toyota,RAV4,2022,800,60.0,Diesel,Automatic,First,14742,20694.48
Nissan,Murano,2009,1400,78.8,Diesel,Manual,First,249490,2660.68
Hyundai,Tucson,2016,800,60.0,Petrol,Manual,Second,91676,5183.19
Audi,Q5,2008,2200,122.4,Petrol,Automatic,First,219428,9303.77
Nissan,Sentra,2012,1600,71.4,Petrol,Automatic,Second,93752,4566.65
Toyota,Corolla,2009,1300,60.0,Diesel,Automatic,Third,101107,3208.16
Ford,Focus,2020,1600,101.8,Petrol,Manual,First,48593,17650.49
Kia,Sorento,2020,800,60.0,Petrol,Automatic,Second,35076,9139.42
Toyota,Prius,2022,1000,60.0,Petrol,Automatic,Third,12287,14260.16
Ford,Focus,2008,1400,74.5,Diesel,Manual,First,162235,4488.7
Toyota,RAV4,2015,900,60.0,Hybrid,Manual,Second,69504,7498.86
Chevrolet,Silverado,2013,1600,83.3,Electric,Automatic,First,156871,6966.39
BMW,5 Series,2017,2200,121.2,Diesel,Automatic,First,90842,33547.45
Honda,HR-V,2020,800,60.0,Hybrid,Manual,First,62792,14354.41
Hyundai,Kona,2009,800,60.0,Petrol,Automatic,First,126542,2994.81
Toyota,RAV4,2019,900,60.0,Electric,Manual,Second,36162,14136.61
Ford,Explorer,2015,900,60.0,Diesel,Manual,Second,35834,9194.48
Hyundai,Santa Fe,2005,900,60.0,Diesel,Manual,Second,139853,2498.5
Honda,Civic,2009,1200,60.0,Diesel,Manual,Second,182026,2787.45
Audi,A3,2008,1500,88.4,Petrol,Manual,Second,124264,8793.18
Nissan,Sentra,2010,1300,60.0,Hybrid,Manual,First,116026,3986.5
Honda,Accord,2018,1200,68.6,Electric,Manual,First,57021,11811.6
Hyundai,Elantra,2016,1100,60.0,Electric,Automatic,First,125013,6928.33
Hyundai,Kona,2019,1300,81.8,Diesel,Automatic,First,65269,10487.64
Chevrolet,Camaro,2016,1400,60.0,Petrol,Automatic,Second,90516,7885.0
Ford,Explorer,2014,1100,64.2,Hybrid,Automatic,Second,97659,8455.61
Hyundai,Sonata,2015,1000,65.0,Petrol,Manual,Second,104075,4446.51
Hyundai,Santa Fe,2010,800,60.0,Petrol,Automatic,First,182967,3148.31
Toyota,Highlander,2022,1600,103.6,Petrol,Automatic,Third,17528,15001.09
Chevrolet,Silverado,2020,2100,119.2,Petrol,Automatic,First,20855,15317.93
BMW,5 Series,2014,2200,118.6,Petrol,Automatic,First,127823,20897.77
Nissan,Murano,2012,1200,76.7,Hybrid,Automatic,First,157390,5090.46
Toyota,Corolla,2010,1400,73.7,Diesel,Automatic,First,209837,3728.33
BMW,3 Series,2022,2400,135.1,Diesel,Automatic,Second,16922,57706.45
Honda,Civic,2016,1700,102.7,Diesel,Automatic,First,64786,9386.34
Honda,CR-V,2007,1000,68.4,Electric,Automatic,Second,118100,4347.5
Nissan,Altima,2016,900,60.0,Petrol,Manual,First,43179,8187.24
Toyota,Highlander,2022,1300,64.9,Diesel,Automatic,First,25386,21350.37
Mercedes,E-Class,2018,2100,104.1,Diesel,Automatic,First,99108,44619.8
Hyundai,Sonata,2010,1400,73.1,Petrol,Automatic,Third,66085,2877.21
Honda,Pilot,2010,1300,61.8,Petrol,Manual,Third,137826,2943.45
Toyota,Prius,2007,1900,99.8,Petrol,Manual,Second,212812,2819.28
Honda,Civic,2017,1300,62.5,Petrol,Manual,First,79322,8752.73
Audi,A3,2019,1900,110.9,Diesel,Manual,First,63019,37702.17
Honda,Accord,2017,1300,62.5,Diesel,Automatic,Second,95411,8406.78
Ford,Explorer,2009,1500,80.8,Petrol,Automatic,First,235234,4168.18
Ford,Explorer,2010,1300,67.8,Petrol,Automatic,First,160573,4978.8
Chevrolet,Silverado,2020,2000,122.3,Diesel,Manual,First,73993,14498.41
Toyota,Camry,2012,800,60.0,Hybrid,Manual,First,175832,5132.48
Audi,A4,2020,1900,126.8,Hybrid,Automatic,First,49289,50838.01
Mercedes,A-Class,2011,2200,130.7,Petrol,Automatic,Third,105005,15653.33
Chevrolet,Traverse,2007,1500,73.0,Petrol,Manual,Third,120999,3098.07
Chevrolet,Traverse,2013,800,60.0,Diesel,Automatic,First,158930,6275.48
Honda,HR-V,2018,800,60.0,Diesel,Automatic,First,77877,10612.02
Nissan,Rogue,2013,1300,70.3,Petrol,Automatic,Second,97577,4587.31
Ford,F-150,2022,1100,60.0,Petrol,Manual,Second,25913,18782.22
BMW,M3,2013,2400,144.8,Petrol,Manual,First,121609,17058.54
Nissan,Rogue,2008,1200,60.0,Diesel,Manual,First,208723,2937.01
Honda,Accord,2019,1800,91.5,Petrol,Automatic,Third,43535,8870.83
Kia,Stinger,2022,1500,75.2,Petrol,Automatic,Second,23528,11393.77
Nissan,Sentra,2007,900,60.0,Diesel,Automatic,Second,129054,3277.39
Honda,CR-V,2006,1000,60.0,Petrol,Automatic,Third,228942,2404.15
Nissan,Altima,2022,800,60.0,Petrol,Automatic,First,21398,16628.02
Toyota,Highlander,2008,1300,68.5,Petrol,Automatic,First,162026,3929.42
Audi,Q5,2021,2000,117.0,Petrol,Automatic,Second,27210,39298.37
Toyota,RAV4,2007,900,60.0,Diesel,Automatic,First,157634,4058.05
Ford,Focus,2013,1500,67.2,Petrol,Manual,First,146318,6518.6
Chevrolet,Camaro,2014,900,60.0,Petrol,Automatic,Second,97013,7270.74
Ford,Focus,2021,1200,60.0,Hybrid,Automatic,First,10866,23316.22
Toyota,Camry,2009,800,60.0,Petrol,Automatic,Second,218401,2930.69
Honda,Pilot,2012,1000,60.0,Petrol,Manual,First,115562,4895.01
Chevrolet,Traverse,2010,1400,79.4,Petrol,Automatic,Second,137963,3986.76
Ford,Explorer,2016,1700,104.5,Petrol,Manual,First,53297,11390.69
Hyundai,Kona,2017,900,60.0,Petrol,Manual,First,90870,6320.03
Honda,Pilot,2009,1100,60.0,Hybrid,Manual,First,195331,3634.49
Toyota,Highlander,2014,1100,60.0,Hybrid,Automatic,Second,130086,6824.0
Mercedes,A-Class,2010,2700,161.7,Diesel,Automatic,First,175196,18159.83
Nissan,Rogue,2008,1100,60.0,Petrol,Manual,First,190141,2731.98
Ford,F-150,2018,1400,72.9,Petrol,Manual,Second,72168,10186.08
Toyota,RAV4,2022,1000,60.0,Diesel,Automatic,First,29235,20865.24
Kia,Sorento,2010,1200,60.0,Petrol,Manual,First,181378,2460.5
Honda,Pilot,2022,1300,76.3,Hybrid,Automatic,Second,23688,17726.82
Toyota,Corolla,2014,1200,65.4,Petrol,Automatic,Second,100411,6723.87
Honda,Pilot,2022,1800,106.6,Diesel,Automatic,First,28247,18226.67
Toyota,Prius,2005,1200,84.5,Electric,Manual,First,221643,3778.74
Chevrolet,Traverse,2017,1700,113.0,Petrol,Manual,First,82854,10436.54
BMW,5 Series,2012,2000,105.5,Diesel,Automatic,First,207960,14725.21
Nissan,Altima,2020,1100,62.9,Electric,Automatic,First,62491,16071.83
Honda,Accord,2021,1200,60.0,Electric,Manual,First,30506,17816.31
Toyota,Prius,2006,1000,60.0,Petrol,Automatic,Third,194830,2789.38
Kia,Sportage,2022,900,60.0,Electric,Automatic,First,30418,15947.69
Mercedes,GLE,2016,2600,142.9,Petrol,Automatic,Second,122159,29286.87
Chevrolet,Equinox,2017,1200,87.4,Electric,Manual,Second,44186,11330.93
Nissan,Murano,2010,1000,60.0,Hybrid,Automatic,First,153623,4020.22
Mercedes,GLC,2005,2600,137.1,Petrol,Automatic,Second,176219,12795.37
Audi,A4,2007,2100,106.0,Diesel,Manual,Third,79357,8799.26
Hyundai,Elantra,2009,1100,60.0,Hybrid,Automatic,First,179365,3038.21
Toyota,Camry,2010,1800,95.6,Petrol,Automatic,Second,240482,2925.42
Mercedes,GLE,2019,2300,116.9,Diesel,Automatic,First,32621,54889.77
Toyota,Camry,2009,1700,90.5,Petrol,Manual,Second,168783,3234.44
Kia,Stinger,2012,800,60.0,Hybrid,Automatic,First,152664,3967.74
Toyota,Prius,2015,1300,76.5,Hybrid,Automatic,Second,121128,8130.88
Kia,Sportage,2008,1200,74.7,Diesel,Manual,Second,202400,2107.34
Toyota,Camry,2015,1000,70.4,Diesel,Automatic,First,102393,8618.14
BMW,3 Series,2011,2000,110.1,Electric,Manual,First,109597,17647.82
Honda,CR-V,2008,1100,61.3,Hybrid,Manual,First,186175,3557.01
Toyota,RAV4,2005,1500,89.1,Electric,Manual,Second,180722,3908.42
Honda,CR-V,2005,1100,63.8,Diesel,Automatic,First,190123,3492.27
Hyundai,Kona,2007,900,60.0,Electric,Automatic,Third,133465,2608.98
Ford,Mustang,2016,1700,90.4,Petrol,Automatic,Third,48619,9096.5
Honda,HR-V,2005,1100,60.0,Hybrid,Automatic,First,211741,3505.83
Mercedes,GLE,2006,2800,171.7,Diesel,Manual,First,148280,15517.41
BMW,X5,2012,2200,120.8,Hybrid,Automatic,First,91198,21852.34
Hyundai,Sonata,2022,1000,60.0,Hybrid,Automatic,First,25186,14710.67
Honda,Accord,2008,1400,98.2,Diesel,Manual,Second,122359,3212.42
Chevrolet,Silverado,2017,1600,99.6,Petrol,Automatic,Second,37703,10107.73
Hyundai,Santa Fe,2017,900,60.0,Petrol,Automatic,First,80696,6870.91
Mercedes,A-Class,2019,2300,122.8,Petrol,Automatic,Second,55652,40997.7
Ford,Explorer,2012,1800,91.8,Petrol,Manual,Second,80145,6113.82
Ford,F-150,2008,1600,87.7,Hybrid,Automatic,Second,220605,4211.82
Honda,CR-V,2016,900,60.0,Petrol,Manual,Second,92831,6850.52
Hyundai,Kona,2012,1200,81.1,Petrol,Automatic,First,87611,4655.63
Ford,Escape,2022,900,60.0,Petrol,Automatic,First,38733,23449.96
BMW,3 Series,2017,2900,177.4,Petrol,Automatic,Second,66797,29254.83
Kia,Soul,2009,1100,60.0,Diesel,Automatic,Second,160170,2581.07
Ford,Escape,2011,1500,60.0,Petrol,Manual,Third,125718,4156.62
Toyota,RAV4,2014,800,60.0,Electric,Automatic,First,187435,7603.21
Toyota,RAV4,2014,2000,115.3,Diesel,Automatic,Third,64921,6380.75
Toyota,Corolla,2015,1400,96.2,Diesel,Automatic,First,119296,8508.71
Chevrolet,Malibu,2006,1300,67.3,Hybrid,Manual,First,278870,3299.31
Hyundai,Santa Fe,2007,1600,81.6,Electric,Automatic,First,160975,3312.87
Audi,A6,2015,2600,125.1,Petrol,Automatic,First,80537,23690.93
Hyundai,Tucson,2017,800,60.0,Petrol,Manual,First,94605,6836.98
Ford,Escape,2006,1500,60.0,Diesel,Automatic,First,270396,3659.67
Chevrolet,Equinox,2021,1600,82.5,Diesel,Automatic,First,29794,21807.25
Audi,A4,2011,1700,100.1,Diesel,Manual,First,166018,12429.57
Ford,Explorer,2021,1600,87.9,Diesel,Automatic,First,50205,20512.05
Mercedes,GLE,2011,2700,131.4,Hybrid,Manual,First,148418,18092.3
Chevrolet,Traverse,2012,1600,84.1,Petrol,Manual,First,163941,4834.36
BMW,X3,2009,2600,124.9,Petrol,Automatic,Second,102672,12713.12
Hyundai,Tucson,2013,1200,60.8,Electric,Manual,First,68053,5151.94
Audi,A6,2009,1400,78.1,Hybrid,Automatic,Second,183841,9604.74
Honda,Pilot,2017,800,60.0,Hybrid,Manual,Second,94512,8154.06
BMW,M3,2012,2000,110.1,Petrol,Automatic,First,195073,15055.09
Honda,Civic,2022,800,60.0,Petrol,Manual,Second,15918,15103.24
Ford,Mustang,2011,1100,63.9,Petrol,Automatic,First,200908,5474.89
Toyota,Corolla,2011,1300,72.4,Petrol,Manual,First,196168,4090.06
Chevrolet,Silverado,2013,1200,67.7,Electric,Automatic,Third,133262,5663.47
Audi,A3,2021,2300,117.8,Diesel,Automatic,Second,33446,46260.94
Kia,Soul,2020,1700,105.5,Diesel,Manual,First,46648,10856.78
Toyota,Highlander,2009,1500,80.6,Petrol,Manual,Second,133181,3371.3
Toyota,Camry,2021,1300,72.2,Hybrid,Manual,Second,19472,15282.31
BMW,3 Series,2011,2000,123.3,Diesel,Manual,First,170822,14022.64
Chevrolet,Malibu,2019,1500,90.1,Petrol,Manual,First,86838,12596.98
Audi,A4,2011,2100,125.5,Petrol,Automatic,First,204395,11285.01
Nissan,Murano,2017,1500,71.6,Petrol,Manual,First,83624,8192.15
Honda,Accord,2015,1200,70.8,Petrol,Automatic,Second,67390,7060.65
BMW,3 Series,2014,2100,110.4,Diesel,Automatic,Third,65424,20130.4
BMW,X5,2013,2000,127.6,Petrol,Manual,Second,119023,15929.38
BMW,3 Series,2005,2200,114.7,Petrol,Automatic,Third,180626,8715.0
Honda,CR-V,2009,1300,81.6,Diesel,Automatic,Second,179866,3494.15
Honda,CR-V,2007,1300,61.3,Hybrid,Automatic,Third,165629,3004.52
Chevrolet,Silverado,2006,1100,60.0,Hybrid,Manual,First,162943,3997.06
Mercedes,A-Class,2021,2900,169.6,Petrol,Manual,First,36854,64069.93
BMW,X5,2008,2300,130.2,Petrol,Automatic,Third,152989,9967.32
Toyota,Corolla,2019,1000,64.9,Petrol,Manual,Second,39668,11733.8
Chevrolet,Camaro,2019,1200,75.3,Petrol,Automatic,First,59878,13878.98
Toyota,RAV4,2013,1100,62.8,Diesel,Automatic,First,198879,5527.75
Toyota,Camry,2012,1500,73.9,Petrol,Manual,First,148741,4936.77
Hyundai,Kona,2016,1100,73.7,Diesel,Automatic,First,110056,6901.17
Ford,Escape,2011,1500,76.9,Diesel,Manual,Second,130072,4864.31
Nissan,Altima,2014,1300,77.8,Petrol,Automatic,Second,102520,5400.74
Ford,F-150,2012,1400,80.8,Diesel,Manual,First,177154,5684.73
Hyundai,Tucson,2020,1200,79.5,Electric,Automatic,Second,50768,10877.82
Toyota,Corolla,2007,1800,105.8,Petrol,Automatic,First,247025,3050.89
Audi,A6,2011,2600,148.7,Petrol,Automatic,Third,140008,11139.22
Chevrolet,Traverse,2007,1700,62.7,Petrol,Automatic,First,221253,3672.24
Chevrolet,Silverado,2019,1000,60.0,Petrol,Manual,First,57768,13629.78
Mercedes,E-Class,2005,2300,137.0,Electric,Automatic,First,267335,15333.95
Ford,F-150,2010,1300,60.0,Petrol,Manual,First,142813,4529.39
BMW,5 Series,2020,2600,146.2,Petrol,Automatic,First,61883,50775.85
Ford,Explorer,2011,1100,60.0,Petrol,Automatic,Second,102141,5411.29
Honda,Pilot,2016,1500,96.2,Diesel,Automatic,Second,86640,7990.82
Audi,A6,2015,2200,138.0,Diesel,Manual,First,63966,23026.57
Ford,Explorer,2006,1300,68.6,Petrol,Automatic,First,233961,3792.32
Ford,F-150,2015,1300,60.0,Petrol,Manual,Second,101259,8214.14
Chevrolet,Traverse,2011,1700,97.2,Petrol,Manual,Third,80290,4280.15
Ford,Explorer,2019,1100,60.0,Electric,Automatic,Second,36399,14637.76
BMW,5 Series,2018,1900,125.0,Hybrid,Manual,Second,82408,33385.26
Audi,A6,2021,2300,110.2,Petrol,Automatic,First,50816,53557.08
Hyundai,Elantra,2022,1600,84.5,Diesel,Automatic,First,31559,14693.3
Mercedes,C-Class,2012,2900,150.4,Petrol,Automatic,First,114217,21326.56
Honda,Civic,2018,1300,67.8,Diesel,Automatic,Second,33942,11731.77
Hyundai,Elantra,2019,800,60.0,Diesel,Manual,First,75048,9245.65
Hyundai,Kona,2010,1300,64.5,Diesel,Automatic,First,114096,3691.1
Ford,Focus,2022,1400,61.7,Petrol,Automatic,Second,24174,19665.28
Chevrolet,Traverse,2016,2000,105.6,Hybrid,Automatic,Second,113165,9228.11
Audi,Q7,2010,2200,140.2,Diesel,Automatic,First,136716,14101.86
Mercedes,GLC,2014,2100,105.5,Petrol,Automatic,First,51374,30719.61
Toyota,Highlander,2012,1400,75.0,Petrol,Manual,First,50651,5672.38
Nissan,Altima,2022,1700,100.4,Petrol,Automatic,First,19236,15598.71
Toyota,Prius,2005,1300,93.9,Petrol,Automatic,First,172411,3915.76
Ford,Focus,2010,1200,62.9,Petrol,Automatic,First,140931,5412.92
Toyota,Highlander,2007,1400,91.1,Petrol,Automatic,First,209534,3333.48
Chevrolet,Malibu,2012,800,60.0,Petrol,Manual,First,136292,5556.09
Mercedes,A-Class,2021,3000,174.6,Petrol,Automatic,First,53769,65888.02
Toyota,Prius,2020,1200,60.0,Petrol,Manual,Second,28109,12199.78
Toyota,Highlander,2006,1300,72.1,Diesel,Automatic,First,167454,4315.42
Ford,Mustang,2019,1800,100.4,Petrol,Automatic,Second,61949,13718.82
Chevrolet,Camaro,2021,1200,60.0,Hybrid,Automatic,First,39956,19064.65
Honda,CR-V,2021,800,60.0,Diesel,Automatic,Third,30931,13146.51
Nissan,Murano,2013,1100,78.1,Diesel,Manual,First,103714,5083.53
Honda,Pilot,2011,1500,91.0,Diesel,Automatic,Second,111608,4361.76
Chevrolet,Silverado,2008,1700,80.7,Petrol,Automatic,Second,164465,3543.75
Toyota,Highlander,2015,1200,60.0,Petrol,Manual,First,139411,7369.07
BMW,X3,2014,2100,107.3,Diesel,Automatic,First,126323,22110.33
Honda,HR-V,2010,1700,92.1,Diesel,Manual,First,121117,4236.48
Audi,A6,2006,1900,113.2,Petrol,Manual,Second,158320,8946.07
Kia,Soul,2016,800,60.0,Petrol,Manual,Third,72954,4643.89
Honda,Civic,2014,1700,111.8,Diesel,Automatic,First,104005,6631.66
Mercedes,GLC,2017,2700,153.0,Diesel,Manual,Second,84754,35623.13
Ford,Focus,2018,1500,79.2,Petrol,Manual,Second,78972,10983.23
Ford,Focus,2012,1500,77.1,Petrol,Automatic,Second,108841,6405.13
BMW,X5,2007,2200,135.0,Hybrid,Automatic,First,180651,13939.09
Hyundai,Tucson,2017,1000,60.0,Petrol,Automatic,First,115022,6209.2
Hyundai,Santa Fe,2010,800,60.0,Hybrid,Automatic,First,177238,3177.08
Ford,Focus,2021,1600,95.3,Petrol,Automatic,Second,37020,19073.33
Chevrolet,Silverado,2011,1100,68.7,Petrol,Automatic,Second,167281,4151.76
Audi,A4,2007,2100,118.4,Petrol,Manual,First,156865,9547.19
Nissan,Pathfinder,2008,1700,83.5,Diesel,Automatic,First,240401,2697.78
Kia,Sorento,2020,800,60.0,Petrol,Manual,Second,32136,8698.81
Hyundai,Elantra,2013,800,60.0,Hybrid,Manual,Second,92563,4254.71
Hyundai,Tucson,2012,800,60.0,Petrol,Automatic,First,90417,4180.39
Mercedes,A-Class,2022,3000,178.7,Diesel,Automatic,Second,27215,69441.03
Chevrolet,Camaro,2008,800,60.0,Petrol,Automatic,First,192516,3836.97
Chevrolet,Traverse,2017,1900,114.7,Petrol,Automatic,Second,100902,9099.63
Toyota,Highlander,2010,800,60.0,Petrol,Manual,First,202579,3462.64
Chevrolet,Malibu,2019,800,60.0,Diesel,Manual,Second,47953,12541.95
Ford,F-150,2005,1400,84.2,Petrol,Manual,First,237842,3477.56
Ford,Escape,2015,1400,83.8,Petrol,Automatic,First,82728,9655.84
Toyota,Camry,2014,1400,88.2,Hybrid,Automatic,First,147119,7807.06
Toyota,Camry,2014,1000,60.0,Diesel,Automatic,First,76450,8333.71
Mercedes,E-Class,2008,2300,130.9,Petrol,Automatic,Second,151666,12728.87
Mercedes,C-Class,2013,2500,133.1,Petrol,Automatic,First,134386,21722.58
Mercedes,C-Class,2007,2600,147.6,Petrol,Automatic,First,170201,14083.1
BMW,X3,2015,1700,106.0,Petrol,Manual,First,140177,21923.07
Honda,HR-V,2019,1200,66.1,Diesel,Automatic,First,57502,13261.9
Kia,Stinger,2013,800,60.0,Diesel,Manual,Second,123571,3689.98
Toyota,RAV4,2006,1500,87.5,Petrol,Manual,Third,171500,2819.78
Hyundai,Santa Fe,2008,1600,84.8,Diesel,Automatic,First,238515,2564.98
BMW,M3,2012,2300,119.3,Petrol,Manual,Third,181163,10020.53
Hyundai,Kona,2015,1100,64.7,Petrol,Manual,First,133587,5342.77
Kia,Soul,2007,800,60.0,Hybrid,Manual,Second,244235,1999.56
Ford,Escape,2013,1000,60.0,Electric,Automatic,First,102555,9206.17
Toyota,Prius,2008,1400,66.3,Diesel,Automatic,First,202747,3608.0
Audi,A4,2012,2500,135.7,Hybrid,Manual,First,176806,15728.52
Toyota,Highlander,2008,1600,87.6,Diesel,Automatic,First,268340,3131.36
Mercedes,A-Class,2012,2600,140.7,Diesel,Automatic,Second,80552,20733.32
Toyota,Prius,2013,1600,100.4,Diesel,Manual,Second,140120,5489.07
Honda,HR-V,2021,1400,88.1,Diesel,Manual,First,46253,15772.98
BMW,X5,2017,2600,147.8,Diesel,Manual,First,84621,29617.1
Hyundai,Elantra,2022,1000,60.0,Electric,Manual,First,16348,14344.42
Toyota,Highlander,2005,1800,88.8,Diesel,Automatic,First,349358,3294.07
Ford,Mustang,2007,1000,60.0,Hybrid,Automatic,First,310606,4052.89
Honda,Civic,2010,1400,91.5,Petrol,Manual,Second,107858,3615.62
Honda,CR-V,2017,1000,60.0,Diesel,Automatic,Second,104989,8097.61
Hyundai,Santa Fe,2005,900,60.0,Hybrid,Automatic,Third,163458,2415.69
Ford,Escape,2015,1600,93.4,Petrol,Automatic,Third,94387,7295.03
BMW,X3,2009,2600,141.9,Diesel,Automatic,First,122965,13012.13
Toyota,Corolla,2019,1700,94.2,Hybrid,Manual,First,90405,13763.14
Kia,Soul,2005,800,60.0,Diesel,Manual,First,183558,2671.56
Honda,Civic,2009,1300,81.4,Petrol,Automatic,First,196885,3119.09
Honda,Accord,2017,1300,88.6,Petrol,Automatic,Second,73538,7833.68
Ford,F-150,2012,1800,106.2,Petrol,Automatic,First,178381,5604.94
Honda,HR-V,2021,900,60.0,Diesel,Automatic,First,24900,18090.34
Mercedes,C-Class,2021,2800,131.9,Electric,Automatic,First,41714,80300.03
Mercedes,C-Class,2018,2700,132.5,Petrol,Automatic,Second,55855,39713.59
BMW,X3,2010,2200,100.1,Diesel,Automatic,First,176042,13378.76
Toyota,Prius,2018,1500,83.7,Hybrid,Automatic,First,55570,13898.54
BMW,X3,2019,2200,121.1,Electric,Manual,Second,40601,44116.53
Toyota,Highlander,2017,1800,99.7,Petrol,Automatic,First,98499,10317.53
Toyota,Camry,2014,1300,82.8,Diesel,Automatic,Second,75380,6871.39
Chevrolet,Equinox,2008,1200,72.7,Petrol,Automatic,First,161159,4356.65
Nissan,Murano,2019,1200,61.3,Electric,Automatic,First,73450,13094.68
Mercedes,C-Class,2005,2100,123.6,Petrol,Automatic,First,171298,13814.16
BMW,M3,2017,2400,139.6,Petrol,Manual,Second,78444,28600.47
Chevrolet,Silverado,2012,1000,60.0,Petrol,Manual,Third,94004,4446.65
Audi,Q7,2006,1900,126.9,Petrol,Automatic,First,315219,8563.09
Toyota,Highlander,2017,1500,92.5,Petrol,Automatic,Second,69529,10151.67
Hyundai,Santa Fe,2013,1100,60.0,Petrol,Automatic,Third,91004,3582.73
Chevrolet,Silverado,2015,1700,108.4,Electric,Automatic,First,91026,11125.34
Audi,A3,2016,2700,150.8,Electric,Manual,First,45788,31202.07
Honda,CR-V,2012,1700,96.3,Petrol,Manual,Third,61161,4317.51
Nissan,Pathfinder,2019,1000,60.0,Petrol,Manual,Second,58621,9228.44
Hyundai,Tucson,2013,900,60.0,Hybrid,Automatic,First,129845,4973.81
Audi,A6,2019,1800,97.8,Petrol,Automatic,Second,32014,32565.72
Chevrolet,Traverse,2022,1400,76.5,Petrol,Automatic,First,21448,22184.25
Ford,Mustang,2016,1700,75.8,Hybrid,Manual,First,83314,9623.84
Toyota,Camry,2016,1200,60.0,Diesel,Automatic,Second,74751,8586.67
Toyota,Corolla,2006,1400,76.8,Diesel,Automatic,First,188675,3921.68
Ford,F-150,2017,1500,84.1,Diesel,Automatic,First,135950,11178.8
Nissan,Sentra,2012,800,60.0,Diesel,Manual,Second,150200,3875.8
Audi,Q5,2006,2300,138.1,Diesel,Manual,First,208208,8683.82
Kia,Sportage,2011,800,60.0,Hybrid,Manual,Second,115619,2938.64
Mercedes,GLC,2019,2400,128.0,Diesel,Automatic,First,77253,49442.18
Ford,Escape,2005,1800,97.4,Petrol,Automatic,First,254169,3781.0
Mercedes,GLE,2022,2400,144.3,Petrol,Automatic,First,35848,72728.43
Nissan,Altima,2007,1100,65.6,Petrol,Automatic,First,283747,2866.32
Toyota,Corolla,2007,1400,89.7,Hybrid,Automatic,Second,135195,4331.76
Chevrolet,Camaro,2020,1500,75.9,Diesel,Manual,Second,49946,12550.17
Toyota,RAV4,2014,1200,60.2,Petrol,Automatic,Second,98488,6325.32
Toyota,Highlander,2014,1100,60.0,Petrol,Manual,First,139250,6278.19
Audi,Q5,2007,2000,108.3,Hybrid,Automatic,Third,144987,9277.49
Honda,HR-V,2013,1400,75.7,Petrol,Automatic,First,173471,5390.92
Nissan,Altima,2013,1300,72.6,Hybrid,Automatic,First,168823,5276.14
Honda,CR-V,2018,1300,76.1,Hybrid,Automatic,Second,64411,9661.82
Chevrolet,Camaro,2008,1000,60.0,Petrol,Automatic,First,199869,3551.8
Honda,Pilot,2015,1500,72.4,Petrol,Automatic,First,149103,7057.52
Hyundai,Sonata,2009,900,60.0,Diesel,Automatic,First,110434,3239.97
Ford,Escape,2006,1400,60.0,Diesel,Manual,First,218058,3844.69
Chevrolet,Silverado,2019,1200,79.7,Diesel,Manual,First,64150,13371.4
Chevrolet,Traverse,2016,1400,64.2,Diesel,Automatic,Second,74454,9177.79
Toyota,Prius,2020,1600,90.3,Petrol,Manual,Second,50025,12442.78
Honda,Pilot,2015,800,60.0,Diesel,Automatic,Third,82276,5923.95
Chevrolet,Traverse,2015,1700,88.7,Diesel,Automatic,First,69121,9545.17
Hyundai,Tucson,2012,1100,60.0,Electric,Automatic,Second,78723,4537.94
Hyundai,Sonata,2017,800,60.0,Petrol,Automatic,First,105341,7220.11
Hyundai,Tucson,2018,1000,60.0,Petrol,Manual,First,100503,7072.85
Toyota,Prius,2021,1400,72.7,Petrol,Manual,First,23897,17030.51
Nissan,Sentra,2008,1100,67.9,Diesel,Manual,First,184459,2847.37
Hyundai,Sonata,2009,800,60.0,Electric,Manual,Second,145801,3312.33
Toyota,Highlander,2017,1000,64.3,Electric,Automatic,First,82969,11831.27
Honda,Pilot,2016,1400,79.1,Petrol,Automatic,First,151826,6993.39
Ford,F-150,2012,1600,89.8,Petrol,Automatic,First,150673,6080.43
Chevrolet,Equinox,2009,1500,76.1,Diesel,Automatic,Second,135064,3778.13
Ford,Escape,2008,1800,94.2,Diesel,Automatic,First,227824,3674.52
Kia,Stinger,2018,1000,60.0,Petrol,Manual,Third,74912,6045.1
Ford,F-150,2014,1500,94.3,Petrol,Automatic,Second,106832,7799.4
Ford,Focus,2015,1000,60.0,Diesel,Automatic,Second,64037,9435.78
Hyundai,Santa Fe,2022,1700,103.7,Electric,Automatic,Third,19405,13140.91
Hyundai,Sonata,2020,1600,82.9,Diesel,Manual,First,43641,11018.21
Ford,Explorer,2008,1100,69.3,Hybrid,Automatic,Third,182514,4003.31
BMW,X3,2015,2100,118.6,Petrol,Automatic,Third,110125,17741.46
Hyundai,Tucson,2018,1100,60.0,Diesel,Manual,Second,75095,7126.07
Chevrolet,Camaro,2016,1100,60.0,Electric,Automatic,Third,79753,8739.97
Nissan,Altima,2022,1200,71.9,Petrol,Manual,First,14390,16503.73
Hyundai,Santa Fe,2006,1200,63.0,Electric,Manual,Third,203310,2178.31
Chevrolet,Malibu,2011,1800,100.0,Hybrid,Automatic,Second,166980,4623.16
Toyota,Prius,2010,1400,78.2,Petrol,Automatic,First,155229,4679.14
Hyundai,Santa Fe,2021,1000,70.8,Petrol,Automatic,Second,20385,11662.95
Audi,A4,2015,2100,96.7,Hybrid,Manual,First,137811,20823.37
Nissan,Pathfinder,2013,1900,103.7,Electric,Automatic,Second,140996,5628.39
Kia,Optima,2008,1300,88.2,Hybrid,Automatic,Third,125880,2516.89
Chevrolet,Equinox,2015,1200,60.0,Petrol,Automatic,Second,97070,7682.9
Ford,Focus,2021,1300,74.4,Petrol,Automatic,Second,36673,18265.58
Audi,A3,2020,2300,132.7,Petrol,Automatic,Second,42386,38067.66
Hyundai,Kona,2008,800,60.0,Hybrid,Manual,Second,131069,2490.17
Nissan,Murano,2006,1300,76.9,Petrol,Manual,First,185514,2837.53
Honda,Pilot,2022,800,60.0,Hybrid,Automatic,First,38733,19641.52
Nissan,Altima,2014,1200,68.4,Diesel,Automatic,First,123702,6303.32
Ford,Explorer,2018,1600,97.5,Diesel,Automatic,Second,71392,12664.75
Ford,F-150,2006,800,60.0,Petrol,Automatic,First,90159,5426.23
Honda,Civic,2016,1100,65.7,Diesel,Manual,First,108392,8090.89
Honda,Pilot,2014,800,60.0,Petrol,Automatic,Third,66324,5324.01
Honda,Pilot,2012,1200,73.4,Petrol,Manual,First,132736,4737.33
Honda,Civic,2010,800,60.0,Diesel,Automatic,First,151751,4363.62
Hyundai,Santa Fe,2014,800,60.0,Petrol,Automatic,First,68678,5308.67
Ford,Focus,2012,1700,79.7,Diesel,Automatic,Second,115715,6343.71
Toyota,RAV4,2020,900,60.0,Electric,Automatic,Second,26884,16304.47
Nissan,Pathfinder,2007,1300,69.5,Electric,Automatic,First,205304,3744.57
Ford,F-150,2012,1100,74.0,Petrol,Automatic,First,197879,5583.01
Honda,CR-V,2016,1600,89.1,Petrol,Manual,Second,74764,6824.99
BMW,X3,2015,2200,130.6,Electric,Manual,Second,93093,27198.47
Toyota,Prius,2008,1100,62.5,Petrol,Automatic,First,159494,3728.05
Toyota,Prius,2020,1200,61.9,Petrol,Automatic,First,48110,17016.85
Kia,Optima,2022,800,60.0,Petrol,Automatic,First,13513,13872.15
Hyundai,Elantra,2012,1500,84.1,Petrol,Automatic,Second,158605,3467.02
Honda,HR-V,2013,1400,87.9,Petrol,Automatic,First,194762,4880.72
Hyundai,Tucson,2007,1200,79.6,Petrol,Manual,First,169493,2407.9
Ford,F-150,2013,1400,60.0,Petrol,Automatic,Second,96533,7373.64
Audi,Q5,2015,2200,117.8,Diesel,Automatic,Second,81716,20865.31
Honda,HR-V,2009,1100,69.1,Hybrid,Automatic,Second,153096,3483.09
Ford,F-150,2011,1900,115.8,Diesel,Automatic,First,131708,5837.69
Chevrolet,Silverado,2010,1400,74.4,Diesel,Automatic,First,188392,4530.47
Honda,Civic,2010,1700,88.7,Diesel,Manual,Third,151114,2939.08
Toyota,Corolla,2007,1700,86.9,Hybrid,Automatic,First,227316,3525.72
Audi,Q5,2011,2400,124.4,Diesel,Automatic,First,66435,15818.37
Ford,Explorer,2016,1500,68.1,Petrol,Manual,First,85746,9246.99
Hyundai,Elantra,2015,900,60.0,Petrol,Automatic,Second,77064,5314.8
Ford,Explorer,2009,1000,60.0,Diesel,Automatic,Second,172733,4295.11
Hyundai,Sonata,2009,1000,60.0,Hybrid,Manual,Third,97128,2380.39
Audi,A3,2016,1500,73.8,Petrol,Automatic,First,72490,24523.58
Toyota,Corolla,2006,800,60.0,Petrol,Automatic,Third,238904,2100.51
Ford,F-150,2007,1400,73.6,Petrol,Automatic,First,126620,4719.95
Mercedes,C-Class,2010,2600,135.3,Petrol,Automatic,Second,169868,14473.9
Kia,Optima,2005,1200,79.0,Petrol,Automatic,First,229686,2158.02
Kia,Sorento,2017,1000,66.4,Petrol,Automatic,First,60369,7578.06
Nissan,Altima,2010,1200,70.8,Diesel,Manual,First,148975,3593.84
Ford,Explorer,2012,1400,91.6,Diesel,Automatic,First,159310,6754.86
Toyota,Corolla,2021,800,60.0,Petrol,Manual,First,32774,16632.68
Toyota,Corolla,2019,1100,60.0,Electric,Automatic,Second,80907,13891.04
Audi,A6,2020,2000,100.4,Petrol,Manual,First,39143,37432.4
Audi,A3,2022,2300,120.3,Diesel,Automatic,Second,24303,48446.57
Honda,HR-V,2007,800,60.0,Petrol,Manual,First,242156,2726.4
Toyota,RAV4,2013,1700,82.1,Petrol,Manual,Second,91049,5109.24
Audi,A4,2012,2000,103.9,Diesel,Automatic,First,121404,18369.9
Ford,Explorer,2007,1600,80.2,Hybrid,Automatic,First,163792,4762.24
Mercedes,GLC,2015,2400,141.9,Diesel,Automatic,First,204562,26605.29
Nissan,Pathfinder,2014,800,60.0,Petrol,Automatic,First,153087,5274.16
Mercedes,A-Class,2021,2500,128.9,Hybrid,Manual,First,40194,66021.7
Ford,Mustang,2018,1700,94.5,Petrol,Automatic,First,81463,13860.89
Mercedes,A-Class,2021,2100,113.3,Hybrid,Manual,First,31695,72451.95
BMW,X3,2021,1900,111.4,Diesel,Automatic,Second,19126,50744.53
Honda,Civic,2012,1200,69.3,Petrol,Manual,First,114388,4774.38
Toyota,RAV4,2012,1200,60.0,Hybrid,Manual,Second,122576,5453.79
Honda,Pilot,2005,900,60.0,Hybrid,Automatic,First,278750,2977.74
Hyundai,Kona,2007,1500,102.1,Petrol,Automatic,Second,109145,2906.09
Nissan,Pathfinder,2012,800,60.0,Diesel,Automatic,Second,186160,3754.41
Honda,Pilot,2017,1600,95.4,Petrol,Automatic,First,70714,9454.32
Honda,HR-V,2014,1000,70.7,Petrol,Automatic,Second,144032,5884.3
Kia,Stinger,2012,800,60.0,Electric,Manual,First,94410,4892.04
BMW,X3,2015,2800,168.9,Hybrid,Automatic,Second,74285,26711.26
Hyundai,Sonata,2009,800,60.0,Diesel,Manual,Second,138046,2647.11
Toyota,Corolla,2009,1000,60.0,Petrol,Manual,First,153513,3556.53
Mercedes,GLE,2007,2600,142.6,Diesel,Automatic,Third,86470,14269.62
Honda,CR-V,2022,1400,63.5,Diesel,Automatic,Second,12173,15089.05
BMW,M3,2014,2600,139.5,Electric,Manual,First,91734,26451.66
Kia,Sorento,2007,1500,94.8,Petrol,Manual,Second,135551,2409.76
Toyota,Camry,2018,1700,102.8,Petrol,Automatic,First,64071,13136.12
Honda,CR-V,2006,1500,75.6,Petrol,Manual,Second,256895,2438.78
Chevrolet,Silverado,2016,1600,83.8,Diesel,Manual,Second,62829,8462.54
Chevrolet,Traverse,2015,1000,60.0,Hybrid,Automatic,Third,86744,6827.75
Ford,Focus,2010,1300,78.7,Petrol,Automatic,First,127701,5608.12
Honda,CR-V,2016,1200,77.1,Diesel,Automatic,Second,84743,7714.77
Ford,Escape,2011,800,60.0,Hybrid,Automatic,Third,138462,4531.85
Chevrolet,Camaro,2009,1600,96.4,Petrol,Automatic,Second,164946,3745.04
Ford,Mustang,2009,1900,107.5,Electric,Automatic,First,178772,5999.38
Kia,Soul,2011,800,60.0,Electric,Automatic,First,137211,4200.88
Honda,Civic,2015,1300,68.4,Diesel,Automatic,First,159339,6421.86
Ford,Mustang,2009,1300,92.0,Petrol,Automatic,Second,147406,3907.24
Nissan,Murano,2010,1200,60.0,Petrol,Automatic,First,184381,3189.44
Honda,Accord,2013,800,60.0,Petrol,Automatic,First,127456,5438.28
BMW,5 Series,2022,2200,120.5,Petrol,Automatic,Second,13488,54187.75
Toyota,Corolla,2011,1200,62.2,Electric,Automatic,Third,87071,5177.8
Audi,A6,2009,2000,93.0,Petrol,Automatic,Second,87552,11300.57
Hyundai,Tucson,2018,1200,60.0,Diesel,Automatic,Second,40874,8394.05
Mercedes,GLC,2010,2900,170.6,Petrol,Automatic,Second,145411,14374.71
Ford,Explorer,2008,1200,60.0,Hybrid,Manual,First,231501,4097.89
Toyota,Highlander,2015,900,60.0,Hybrid,Manual,Second,134060,6740.88
Hyundai,Sonata,2022,900,60.0,Petrol,Manual,Third,22740,9584.62
Toyota,Highlander,2008,1000,60.0,Petrol,Automatic,Second,192796,3091.98
Toyota,Highlander,2019,1600,80.3,Petrol,Automatic,First,53422,13684.83
Hyundai,Kona,2016,800,60.0,Petrol,Automatic,First,29071,7096.77
BMW,5 Series,2022,2300,121.7,Diesel,Automatic,First,11057,67041.57
Chevrolet,Silverado,2015,1500,94.8,Diesel,Manual,Third,85233,6119.01
Nissan,Murano,2022,800,60.0,Petrol,Manual,First,18236,16847.8
Hyundai,Kona,2015,800,60.0,Petrol,Automatic,First,155029,5203.52
Honda,HR-V,2011,800,60.0,Petrol,Automatic,First,96031,4877.29
Ford,Focus,2008,1700,99.7,Diesel,Manual,First,205022,4167.33
Hyundai,Elantra,2017,1500,83.2,Petrol,Automatic,First,90745,7379.65
Hyundai,Sonata,2022,800,60.0,Diesel,Manual,First,6358,14616.41
Kia,Optima,2006,1100,60.0,Petrol,Automatic,First,152319,2907.27
Audi,A3,2005,2100,127.5,Diesel,Manual,First,249659,8378.65
Honda,Accord,2017,1300,81.2,Petrol,Automatic,Third,73610,7205.29
Kia,Sorento,2017,800,60.0,Hybrid,Automatic,First,80249,7801.09
Mercedes,A-Class,2006,2000,109.1,Diesel,Automatic,First,240657,11709.06
Ford,Explorer,2009,1500,77.1,Electric,Automatic,First,192338,5397.8
Honda,CR-V,2011,800,60.0,Diesel,Manual,First,165260,4538.17
Kia,Stinger,2016,900,60.0,Diesel,Automatic,Second,69884,6457.73
Kia,Soul,2015,900,60.0,Hybrid,Manual,Second,80065,5115.16
BMW,X3,2010,2300,133.5,Electric,Automatic,First,53569,19421.93
Toyota,Prius,2011,1400,75.8,Hybrid,Automatic,Second,152494,4858.16
Mercedes,GLE,2020,2500,129.2,Diesel,Automatic,First,41059,64534.55
Chevrolet,Traverse,2013,1600,88.9,Electric,Automatic,Second,96262,6908.44
Toyota,Highlander,2013,800,60.0,Petrol,Manual,First,177204,5397.39
Toyota,Prius,2020,1300,60.0,Petrol,Automatic,Third,24618,11678.74
Honda,HR-V,2013,1400,73.8,Hybrid,Manual,First,137936,5934.23
Honda,CR-V,2020,1200,72.1,Diesel,Automatic,First,26070,15558.35
Chevrolet,Camaro,2005,1100,60.0,Electric,Automatic,First,298855,3892.18
Hyundai,Sonata,2007,1000,66.2,Petrol,Automatic,First,131655,2998.22
Kia,Stinger,2006,1300,83.6,Petrol,Automatic,First,174338,2686.92
Nissan,Altima,2010,800,61.4,Diesel,Automatic,Third,95694,3147.35
Nissan,Murano,2022,1300,64.7,Hybrid,Automatic,Second,27763,15891.44
Honda,Civic,2021,1100,60.9,Diesel,Automatic,First,39412,16741.62
Honda,Civic,2020,1100,64.3,Petrol,Automatic,First,40822,13755.17
Toyota,Highlander,2008,1500,88.1,Petrol,Manual,First,202932,3221.82
Chevrolet,Malibu,2011,1100,60.0,Diesel,Manual,First,146587,4955.33
BMW,X5,2022,1900,88.3,Petrol,Manual,First,11035,58320.94
Nissan,Sentra,2007,1100,60.0,Diesel,Manual,First,184195,2886.52
Chevrolet,Camaro,2007,1400,77.1,Diesel,Automatic,Second,235897,3152.08
Honda,Accord,2005,1000,60.0,Petrol,Automatic,First,213392,3195.49
Nissan,Sentra,2018,1300,71.5,Diesel,Automatic,Second,50440,9326.67
Ford,Escape,2012,1600,91.9,Hybrid,Manual,First,125992,7353.7
Hyundai,Elantra,2014,1000,60.0,Diesel,Manual,Second,111942,4263.88
BMW,5 Series,2008,1700,104.1,Petrol,Automatic,First,112320,13726.96
Chevrolet,Malibu,2010,1400,80.8,Petrol,Manual,Second,183898,3329.95
Hyundai,Santa Fe,2009,800,60.0,Hybrid,Automatic,First,194494,2919.21
Audi,A3,2014,1800,94.9,Petrol,Automatic,First,171198,17211.65
BMW,X5,2017,2600,135.1,Petrol,Automatic,First,60824,37224.85
Audi,A6,2021,2100,114.6,Petrol,Automatic,First,32349,49612.82
Chevrolet,Traverse,2013,1300,64.3,Petrol,Automatic,First,130680,6472.47
Toyota,RAV4,2007,1500,74.3,Hybrid,Automatic,Second,180161,3657.97
Audi,Q7,2009,2400,140.6,Diesel,Automatic,First,182075,10219.49
Chevrolet,Silverado,2011,1400,81.5,Petrol,Manual,First,143629,4557.85
Hyundai,Kona,2010,1200,78.2,Petrol,Manual,First,171389,2692.25
Toyota,Corolla,2022,1000,71.0,Petrol,Automatic,Second,20787,17471.81
Hyundai,Elantra,2015,1100,60.0,Diesel,Automatic,Second,97143,5683.02
BMW,5 Series,2013,1900,106.5,Hybrid,Automatic,Third,89618,16813.12
Chevrolet,Traverse,2006,1200,60.0,Electric,Automatic,First,268491,3998.52
Honda,Civic,2015,1500,85.2,Diesel,Manual,First,72874,7808.76
Hyundai,Santa Fe,2012,800,60.0,Petrol,Automatic,Second,166971,3113.81
Kia,Sportage,2008,1100,69.2,Hybrid,Manual,Second,123008,2756.45
BMW,X3,2011,2000,94.0,Hybrid,Automatic,First,166276,15679.82
Chevrolet,Malibu,2012,1000,60.0,Petrol,Automatic,Third,71748,4766.48
Audi,A3,2012,2300,131.8,Diesel,Manual,Third,87002,12488.09
Nissan,Rogue,2006,1200,60.0,Diesel,Automatic,First,164406,3552.31
Mercedes,GLC,2017,2800,162.3,Petrol,Manual,First,76947,38490.72
Chevrolet,Equinox,2013,1000,60.0,Petrol,Automatic,First,111366,6843.03
Ford,Explorer,2007,2200,126.0,Petrol,Automatic,Second,203878,3723.44
Toyota,Prius,2018,1200,74.7,Diesel,Manual,Second,77789,10281.91
Honda,Civic,2008,1400,97.6,Petrol,Automatic,Second,145751,3505.66
Toyota,Prius,2012,1900,104.6,Petrol,Manual,Second,124934,4772.7
Mercedes,GLE,2005,2200,123.1,Diesel,Automatic,Third,225653,9432.61
Nissan,Altima,2012,900,60.0,Petrol,Manual,Second,136975,3488.3
Ford,F-150,2013,1000,60.0,Diesel,Automatic,First,77494,8730.42
Nissan,Altima,2005,1300,64.7,Diesel,Automatic,Third,172391,2221.73
Chevrolet,Equinox,2007,1600,91.2,Diesel,Manual,Second,196086,3055.69
Toyota,Highlander,2011,800,60.0,Diesel,Automatic,First,165028,5011.82
Ford,Mustang,2018,1300,72.7,Diesel,Manual,First,50221,14420.2
BMW,X3,2010,2600,146.1,Electric,Manual,Second,162749,13116.99
Hyundai,Santa Fe,2020,1200,67.7,Petrol,Automatic,First,61165,10624.77
Nissan,Pathfinder,2022,900,60.0,Hybrid,Automatic,Second,28434,17019.12
Hyundai,Kona,2009,1400,90.8,Hybrid,Automatic,First,141912,3299.38
Toyota,RAV4,2017,1100,60.0,Diesel,Automatic,First,97404,10599.55
Toyota,Camry,2020,1400,88.7,Diesel,Automatic,Second,30695,13501.78
Nissan,Sentra,2009,900,60.0,Electric,Manual,First,199089,3094.02
Toyota,Corolla,2007,1700,79.3,Petrol,Automatic,Second,176701,3161.68
Toyota,Corolla,2019,1300,82.2,Diesel,Automatic,Second,83112,11384.45
Mercedes,GLC,2019,2900,168.3,Hybrid,Automatic,First,78401,57471.1
Audi,Q7,2020,1900,100.8,Diesel,Manual,First,56226,42404.52
Honda,Civic,2020,900,60.0,Petrol,Manual,Second,53049,11159.89
Honda,Accord,2007,1400,84.2,Electric,Automatic,First,257952,3667.26
Honda,CR-V,2016,1000,73.4,Diesel,Manual,Second,107175,6865.55
Mercedes,GLE,2006,2800,133.6,Diesel,Automatic,First,224796,12269.31
Mercedes,A-Class,2011,2200,121.4,Petrol,Automatic,First,130192,18402.86
Hyundai,Santa Fe,2009,1100,73.2,Petrol,Automatic,Second,222199,2286.94
Kia,Optima,2007,1400,83.1,Diesel,Manual,First,211808,2182.25
Honda,Pilot,2009,800,60.0,Diesel,Manual,Second,148421,3090.89
Kia,Soul,2015,1000,60.0,Petrol,Automatic,Third,92527,3844.46
Audi,Q7,2005,2400,137.7,Hybrid,Manual,First,193466,9704.91
Nissan,Murano,2016,1400,71.0,Petrol,Automatic,First,126344,6803.18
Toyota,Corolla,2008,1100,60.0,Hybrid,Automatic,Third,159071,3444.35
Toyota,Prius,2019,1100,60.0,Hybrid,Manual,Second,80745,12593.72
Kia,Optima,2009,1300,60.0,Hybrid,Manual,First,212685,2734.16
Ford,Focus,2009,1300,84.9,Hybrid,Automatic,First,212966,4128.51
Kia,Optima,2009,1100,66.0,Petrol,Automatic,First,169180,2667.33
Mercedes,A-Class,2020,2600,138.2,Diesel,Automatic,Third,37341,46385.72
Kia,Sportage,2016,1200,72.1,Diesel,Manual,First,94074,5461.27
Honda,Civic,2015,1400,73.0,Petrol,Automatic,First,125992,7133.78
Chevrolet,Malibu,2020,1400,81.3,Electric,Automatic,First,61312,17451.7
Nissan,Altima,2006,800,60.0,Hybrid,Manual,Second,153917,2759.25
Hyundai,Santa Fe,2015,1300,75.9,Diesel,Automatic,First,94739,5724.92
Kia,Soul,2021,900,60.0,Petrol,Automatic,Second,39524,11147.08
Toyota,Corolla,2013,1500,89.2,Petrol,Manual,Second,109191,5050.37
Nissan,Murano,2009,800,60.0,Petrol,Automatic,First,194899,2884.64
Mercedes,A-Class,2015,2200,102.3,Petrol,Automatic,Third,48202,26343.81
Hyundai,Santa Fe,2007,800,60.0,Petrol,Manual,Second,130614,2443.93
Audi,Q5,2021,2000,112.7,Petrol,Automatic,Second,45739,37887.75
Nissan,Rogue,2014,1200,69.2,Electric,Manual,First,73508,7394.55
Honda,CR-V,2021,1000,70.9,Petrol,Automatic,Third,27377,11584.41
Hyundai,Tucson,2014,1000,60.0,Petrol,Manual,Third,82784,3711.59
BMW,M3,2013,1800,87.6,Petrol,Automatic,Second,90992,17168.58
Toyota,Corolla,2010,1700,96.7,Diesel,Automatic,Second,186892,3860.89
Honda,Accord,2018,800,60.0,Diesel,Automatic,First,95583,10758.76
Chevrolet,Malibu,2022,1500,90.7,Diesel,Manual,Second,19544,17033.7
Kia,Soul,2007,800,60.0,Petrol,Automatic,Second,114760,2785.9
Ford,Escape,2007,1800,85.9,Hybrid,Manual,Second,72248,5034.94
Toyota,Camry,2006,1200,71.5,Electric,Automatic,First,103390,5269.38
Hyundai,Kona,2022,900,60.0,Hybrid,Automatic,Third,11815,10412.12
Chevrolet,Traverse,2018,1500,77.9,Petrol,Automatic,First,93188,13317.61
Kia,Sorento,2019,800,60.0,Petrol,Automatic,Second,72651,7829.41
Toyota,Highlander,2015,1200,60.0,Hybrid,Manual,Second,102878,7071.36
Nissan,Altima,2009,800,60.0,Diesel,Automatic,First,127582,3831.47
Chevrolet,Camaro,2020,1200,74.1,Petrol,Manual,Second,17324,13295.52
Nissan,Murano,2014,1400,87.0,Petrol,Automatic,First,103424,5733.91
Nissan,Sentra,2020,1600,104.7,Petrol,Manual,Second,61952,10101.86
Hyundai,Elantra,2015,1100,68.3,Hybrid,Automatic,First,153405,5806.56
Nissan,Sentra,2016,800,60.0,Hybrid,Automatic,Second,83519,7482.92
BMW,X3,2018,2100,105.5,Petrol,Automatic,First,62315,35267.6
Nissan,Rogue,2012,1100,62.4,Petrol,Manual,Second,143068,3621.06
Audi,A6,2005,2600,131.8,Diesel,Manual,First,250749,8227.08
Ford,Explorer,2017,1800,100.0,Petrol,Automatic,Second,108605,9687.71
Nissan,Altima,2019,1100,60.0,Petrol,Automatic,Second,56403,10520.68
Honda,HR-V,2015,1100,60.0,Petrol,Manual,Second,64813,6305.4
Ford,Focus,2009,1500,74.7,Petrol,Automatic,First,63299,5349.79
Audi,Q7,2021,2000,118.8,Petrol,Automatic,First,28586,47178.08
Hyundai,Kona,2019,1000,60.0,Petrol,Manual,First,73783,9241.37
Chevrolet,Equinox,2013,1400,79.4,Hybrid,Manual,Second,117246,5849.86
Toyota,Highlander,2006,1300,74.3,Petrol,Manual,Second,245212,2843.54
Hyundai,Elantra,2022,800,60.0,Electric,Automatic,Second,17921,15630.22
BMW,M3,2007,2200,118.1,Hybrid,Automatic,Second,225129,10553.58
Hyundai,Tucson,2016,1000,60.0,Diesel,Automatic,First,61892,7378.49
Honda,CR-V,2005,900,60.0,Electric,Automatic,First,247190,3507.17
Honda,Accord,2017,1100,60.0,Hybrid,Manual,First,109124,9977.41
Chevrolet,Traverse,2019,1100,60.0,Petrol,Automatic,First,47226,13640.17
Toyota,Prius,2018,1300,68.8,Petrol,Automatic,First,69735,11410.92
Ford,Focus,2022,1500,83.8,Petrol,Automatic,Second,20308,22529.2
Audi,A3,2011,1800,91.3,Petrol,Automatic,First,136409,14165.14
Chevrolet,Malibu,2019,1600,75.6,Electric,Manual,Third,47127,12261.72
Toyota,Camry,2019,1100,60.0,Petrol,Automatic,Second,45819,12512.09
Nissan,Pathfinder,2018,900,60.0,Petrol,Automatic,Second,90494,8660.29
BMW,M3,2008,2300,126.2,Petrol,Automatic,First,279477,10533.24
Kia,Sportage,2014,1200,64.6,Diesel,Automatic,First,119378,5303.1
Kia,Soul,2021,1200,60.0,Hybrid,Automatic,First,35722,13876.41
Kia,Sportage,2007,800,60.0,Petrol,Automatic,First,223779,2409.23
Nissan,Altima,2012,1200,65.1,Diesel,Automatic,Second,125347,4502.69
Chevrolet,Camaro,2013,1900,114.8,Electric,Automatic,First,147077,7639.78
BMW,M3,2010,2600,148.1,Diesel,Automatic,Third,92640,12268.04
Hyundai,Santa Fe,2022,1100,60.0,Diesel,Automatic,First,34914,14085.55
Honda,Civic,2017,1000,69.7,Diesel,Manual,Third,52920,7522.52
Ford,F-150,2019,1000,67.2,Diesel,Manual,Second,57716,13193.1
Toyota,Highlander,2018,1300,74.0,Hybrid,Automatic,First,72050,12970.06
Hyundai,Elantra,2021,1700,90.2,Hybrid,Automatic,First,54736,11981.96
Chevrolet,Traverse,2007,1700,91.7,Petrol,Automatic,First,255451,3429.03
Hyundai,Santa Fe,2010,1500,102.7,Petrol,Manual,First,185396,2533.41
Ford,Explorer,2019,1300,73.1,Petrol,Automatic,Second,64552,12883.57
Ford,Escape,2019,1800,106.9,Diesel,Manual,First,72898,14653.41
BMW,3 Series,2012,2200,97.0,Electric,Manual,First,148946,19066.61
Audi,Q7,2007,2400,146.6,Hybrid,Automatic,First,252135,9942.04
Toyota,RAV4,2012,1200,71.5,Diesel,Manual,Second,170317,4262.18
Toyota,Camry,2007,1000,60.0,Diesel,Manual,First,300503,2978.03
Mercedes,GLE,2007,2100,110.3,Petrol,Automatic,First,163074,14156.67
Audi,A4,2006,2200,126.0,Hybrid,Manual,First,122490,10586.03
Ford,Focus,2018,1500,79.0,Diesel,Automatic,Second,48139,13332.3
Honda,Accord,2017,1400,78.5,Diesel,Automatic,Second,62233,9005.48
Toyota,RAV4,2019,1100,73.9,Electric,Manual,Second,30206,13371.07
Honda,CR-V,2011,900,60.0,Hybrid,Manual,Third,69800,4222.32
Audi,Q5,2015,2100,111.1,Petrol,Manual,Second,108229,18088.53
Audi,A6,2009,1900,104.7,Petrol,Manual,Second,109958,10714.64
Kia,Optima,2015,1000,61.6,Electric,Automatic,Second,49555,5880.08
Nissan,Sentra,2019,800,60.0,Diesel,Automatic,First,45467,11528.7
Ford,F-150,2012,1200,72.5,Diesel,Automatic,First,162151,6279.14
Honda,CR-V,2021,1300,72.8,Diesel,Automatic,First,39950,16407.94
Audi,A6,2021,2000,124.0,Diesel,Manual,First,4305,47835.23
Toyota,Camry,2015,1900,119.4,Electric,Manual,Second,113624,8050.71
Honda,CR-V,2008,1300,67.2,Diesel,Manual,First,183387,3223.39
Honda,Civic,2022,1000,60.0,Petrol,Automatic,First,17356,17442.98
Ford,Escape,2006,2200,128.6,Petrol,Manual,Second,175354,3569.4
Ford,Escape,2008,1200,73.9,Electric,Automatic,First,282506,4748.79
Audi,Q5,2006,2400,143.3,Diesel,Manual,Second,242827,7339.85
Hyundai,Kona,2012,1100,64.9,Diesel,Manual,Second,131634,3227.71
Kia,Optima,2011,1200,80.4,Diesel,Manual,First,102580,3768.01
Ford,Escape,2008,1500,73.5,Diesel,Automatic,First,153288,4800.83
Audi,A6,2007,1700,91.1,Petrol,Manual,First,311636,8871.44
Toyota,Prius,2007,1200,60.0,Petrol,Automatic,First,243736,3301.02
Kia,Soul,2020,800,60.0,Petrol,Manual,Second,29603,9197.86
Honda,CR-V,2022,1000,62.6,Petrol,Manual,First,24165,15666.17
Toyota,Camry,2010,1600,84.7,Petrol,Automatic,First,101778,5098.89
BMW,M3,2014,2300,125.1,Petrol,Automatic,First,100492,23127.73
Hyundai,Kona,2020,800,60.0,Petrol,Automatic,First,32319,11243.2
Hyundai,Santa Fe,2017,800,60.0,Diesel,Manual,Second,78405,5838.21
Audi,A6,2006,2200,108.1,Hybrid,Manual,Second,159865,9389.06
Kia,Optima,2009,800,60.0,Petrol,Manual,First,131616,2665.21
Chevrolet,Camaro,2011,1500,73.1,Petrol,Automatic,Third,127204,3882.21
Mercedes,GLC,2005,1900,97.1,Hybrid,Manual,First,211409,13353.29
Kia,Soul,2020,1300,68.9,Petrol,Automatic,First,46002,10540.19
Toyota,Camry,2011,1500,70.2,Hybrid,Automatic,Third,143654,4058.97
Ford,Mustang,2010,1900,105.5,Petrol,Automatic,Second,144913,4549.19
Toyota,Prius,2022,1300,60.0,Petrol,Manual,First,34180,17472.36
BMW,X3,2017,3100,154.8,Diesel,Manual,Second,42917,29915.44
Hyundai,Santa Fe,2009,800,60.0,Hybrid,Automatic,First,165480,3162.12
Honda,HR-V,2009,1200,60.0,Petrol,Automatic,First,117336,3982.71
Audi,Q7,2020,2100,122.3,Petrol,Manual,Third,43527,28123.66
Toyota,Corolla,2017,1300,75.5,Petrol,Automatic,First,53358,11305.64
BMW,5 Series,2016,2300,126.5,Petrol,Automatic,First,108347,29338.64
BMW,X3,2022,1600,92.0,Petrol,Manual,Second,18020,52884.89
Honda,Accord,2015,1200,60.0,Petrol,Automatic,First,106821,8141.31
Toyota,Prius,2009,1000,60.0,Petrol,Manual,First,178611,3468.9
Honda,Civic,2021,900,60.0,Petrol,Automatic,Third,30879,11853.98
Kia,Optima,2009,1000,60.0,Electric,Automatic,Third,128985,2616.04
Toyota,Corolla,2009,1500,81.5,Petrol,Manual,First,138278,3671.26
Toyota,Camry,2016,1300,64.8,Diesel,Automatic,First,88703,9919.26
Mercedes,C-Class,2016,3000,166.8,Petrol,Automatic,First,116555,32037.01
Kia,Sportage,2016,1000,63.3,Petrol,Automatic,Second,61625,5910.15
Ford,Explorer,2008,1300,70.7,Diesel,Automatic,Third,98252,4153.98
Hyundai,Elantra,2012,1000,65.0,Diesel,Manual,Second,72783,3588.64
Hyundai,Tucson,2011,1000,66.0,Diesel,Automatic,First,192436,3273.79
Kia,Sorento,2017,1300,73.1,Diesel,Automatic,First,101429,7233.86
Honda,HR-V,2010,800,60.0,Diesel,Automatic,Second,130832,4051.94
Honda,CR-V,2007,900,60.0,Petrol,Automatic,First,162374,3633.1
Toyota,Highlander,2019,1700,99.5,Diesel,Automatic,Second,58145,12302.67
Hyundai,Santa Fe,2005,800,60.0,Diesel,Automatic,Second,243151,2103.66
Hyundai,Kona,2005,1200,60.8,Diesel,Manual,First,290954,2342.46
Kia,Sportage,2014,1100,60.0,Diesel,Manual,First,108802,5165.88
Hyundai,Sonata,2011,800,60.0,Hybrid,Automatic,First,179099,3561.48
Toyota,Highlander,2014,1400,89.9,Hybrid,Automatic,First,109255,7415.35
BMW,5 Series,2013,2200,128.9,Petrol,Automatic,Second,91409,19226.45
Toyota,Camry,2020,1200,76.8,Petrol,Automatic,Second,49066,13813.18
Kia,Stinger,2005,900,66.8,Petrol,Automatic,First,316673,2284.89
Honda,CR-V,2009,1400,82.5,Petrol,Automatic,Second,157264,3243.5
Chevrolet,Silverado,2019,1800,78.9,Electric,Automatic,Second,64427,14281.14
Mercedes,A-Class,2012,2600,128.3,Petrol,Automatic,Second,129413,20999.03
BMW,5 Series,2021,2000,121.5,Electric,Automatic,First,36213,70096.16
Chevrolet,Equinox,2019,1300,80.9,Diesel,Automatic,Third,50577,11164.63
Chevrolet,Equinox,2016,1400,61.3,Petrol,Manual,Second,77329,7430.24
Kia,Stinger,2015,800,60.0,Hybrid,Automatic,Second,50315,6359.75
Ford,Escape,2007,1400,94.0,Electric,Automatic,First,140122,5835.26
Kia,Optima,2012,1200,65.9,Petrol,Automatic,First,136912,4210.28
Ford,Escape,2018,1500,67.3,Hybrid,Automatic,First,72529,15220.64
Kia,Soul,2005,1400,85.3,Petrol,Automatic,Third,155964,2230.06
Toyota,Prius,2005,1700,96.6,Petrol,Manual,Second,192016,2973.61
Ford,Mustang,2007,1600,109.8,Diesel,Automatic,First,191418,4705.6
Ford,Explorer,2008,1400,75.5,Diesel,Manual,First,137541,4609.05
Kia,Soul,2022,1100,62.6,Diesel,Manual,Second,25606,12690.18
Toyota,RAV4,2019,1000,60.0,Hybrid,Automatic,Second,67621,14305.47
Chevrolet,Malibu,2019,1200,60.0,Electric,Automatic,First,39687,16568.03
Toyota,Highlander,2017,1000,66.6,Petrol,Automatic,First,66857,10951.91
Toyota,Corolla,2007,1300,72.4,Petrol,Manual,Second,102738,3607.07
Audi,A6,2018,2100,108.7,Diesel,Automatic,Third,60394,25533.56
Hyundai,Santa Fe,2009,900,60.0,Petrol,Automatic,First,218917,2293.36
Chevrolet,Equinox,2007,800,60.0,Petrol,Automatic,Third,163892,2621.07
Hyundai,Tucson,2016,900,60.0,Hybrid,Automatic,Second,89470,6434.2
Ford,F-150,2020,1400,69.3,Petrol,Manual,Third,33085,12980.82
Ford,Mustang,2018,800,60.0,Petrol,Manual,Second,91255,10858.22
Chevrolet,Malibu,2006,1000,68.1,Hybrid,Automatic,Second,236704,3438.08
BMW,X5,2011,2100,125.3,Petrol,Automatic,First,212984,11997.72
Ford,Escape,2006,1700,90.0,Diesel,Manual,Second,140845,3978.77
Audi,A4,2018,1700,83.3,Hybrid,Manual,Third,70392,26519.0
Nissan,Pathfinder,2007,900,60.0,Hybrid,Automatic,Second,171345,3106.99
Ford,Focus,2007,1200,72.2,Petrol,Automatic,Second,265143,3242.75
Ford,F-150,2021,1300,80.1,Petrol,Automatic,Second,44765,17133.84
Ford,Mustang,2016,1700,89.8,Petrol,Manual,First,96428,10234.17
Ford,F-150,2005,1900,101.2,Diesel,Automatic,First,274808,3808.45
Ford,F-150,2021,1300,77.0,Hybrid,Manual,Third,31053,16095.06
Hyundai,Tucson,2013,1100,60.0,Petrol,Manual,First,149973,3873.42
Honda,Pilot,2013,2400,123.8,Petrol,Manual,First,133612,5837.09
Hyundai,Elantra,2022,800,60.0,Hybrid,Manual,First,22635,13982.56
Hyundai,Kona,2016,1200,68.9,Petrol,Manual,First,136527,5227.12
Toyota,Camry,2014,1200,60.0,Electric,Automatic,First,79960,9403.79
Chevrolet,Malibu,2009,1200,79.0,Diesel,Automatic,First,96944,4912.08
Mercedes,C-Class,2014,2900,139.8,Electric,Automatic,First,98963,33550.72
Nissan,Altima,2018,1300,60.0,Diesel,Manual,First,43187,9809.23
Honda,CR-V,2009,800,60.0,Electric,Automatic,First,121079,5117.3
Toyota,Prius,2012,800,60.0,Electric,Automatic,First,177033,5636.3
Honda,Accord,2016,1500,64.8,Petrol,Manual,First,81673,8360.16
Ford,Mustang,2012,1300,68.8,Petrol,Automatic,Third,91561,5137.33
Toyota,Highlander,2010,1300,71.6,Electric,Automatic,First,164756,4621.38
Honda,Accord,2008,1200,60.0,Petrol,Manual,First,198220,3045.0
Toyota,Camry,2021,1100,62.9,Diesel,Automatic,Second,26308,15411.46
Kia,Stinger,2014,1300,89.7,Diesel,Automatic,Second,110333,4740.08
Kia,Optima,2017,800,60.0,Electric,Manual,First,102533,8000.94
BMW,X5,2017,2200,123.6,Hybrid,Automatic,First,89798,35090.53
Audi,Q5,2005,2100,107.1,Diesel,Automatic,Second,244836,8059.84
Ford,Mustang,2012,1500,97.3,Electric,Automatic,Second,70698,7866.85
Nissan,Pathfinder,2022,900,60.0,Electric,Manual,First,17371,18492.31
Nissan,Sentra,2009,1200,60.0,Petrol,Automatic,Second,129912,3270.97
Ford,Explorer,2022,1600,79.4,Petrol,Automatic,First,25384,23288.01
Kia,Optima,2016,1200,67.9,Diesel,Automatic,First,122889,6367.28
Ford,Mustang,2013,1700,96.8,Petrol,Manual,Second,122653,5898.88
Hyundai,Sonata,2009,900,60.0,Petrol,Automatic,First,283035,2302.74
Toyota,RAV4,2014,1000,74.2,Diesel,Manual,Second,141608,5674.48
Nissan,Pathfinder,2020,800,60.0,Electric,Manual,Second,60838,11785.46
Honda,Pilot,2020,800,60.0,Petrol,Automatic,Second,37743,13736.04
BMW,X3,2020,1900,91.3,Electric,Automatic,First,26325,58543.52
Hyundai,Tucson,2016,800,60.0,Diesel,Automatic,First,98223,7030.66
Mercedes,A-Class,2006,2500,144.0,Petrol,Manual,First,219661,12072.07
Toyota,Highlander,2012,1600,80.2,Petrol,Automatic,First,188083,4405.28
Ford,Focus,2020,800,60.0,Diesel,Manual,Second,39189,14190.65
Nissan,Murano,2016,1300,65.7,Petrol,Automatic,Second,103591,6851.61
Kia,Stinger,2016,1200,60.0,Diesel,Automatic,Second,88030,6035.32
Toyota,Corolla,2009,1200,62.7,Diesel,Automatic,First,244983,3668.84
Kia,Stinger,2020,900,60.0,Diesel,Automatic,First,47064,11843.19
Hyundai,Tucson,2014,1000,60.0,Diesel,Manual,Second,85430,4813.27
Nissan,Altima,2022,1300,79.4,Diesel,Automatic,First,25420,17043.85
Chevrolet,Equinox,2019,1000,60.0,Petrol,Manual,First,69912,12778.89
Audi,A6,2012,2100,114.1,Petrol,Automatic,First,164311,14110.19
Honda,CR-V,2007,1300,66.9,Petrol,Automatic,First,211543,3106.85
Kia,Sorento,2006,1100,67.1,Diesel,Manual,First,237463,2064.43
Mercedes,C-Class,2006,2400,126.7,Diesel,Automatic,First,268375,12497.63
Nissan,Pathfinder,2006,1400,70.6,Petrol,Manual,First,157924,3220.72
Toyota,Highlander,2020,800,60.0,Petrol,Automatic,First,60013,15195.76
Hyundai,Santa Fe,2019,800,60.0,Petrol,Automatic,First,62371,9796.66
Mercedes,E-Class,2019,3100,166.4,Petrol,Automatic,Second,61280,46366.97
Toyota,Corolla,2021,900,62.3,Hybrid,Automatic,First,37943,21548.07
Toyota,Highlander,2016,1200,67.2,Electric,Automatic,Third,85254,8012.59
Honda,Pilot,2012,1200,69.4,Petrol,Automatic,Third,138548,4151.05
Toyota,Highlander,2011,1100,71.7,Diesel,Manual,Second,122321,4210.91
Ford,F-150,2009,1100,69.5,Electric,Automatic,First,197007,4720.61
Hyundai,Kona,2012,900,60.0,Hybrid,Automatic,Second,154111,3800.73
Honda,HR-V,2014,800,60.0,Petrol,Manual,First,145752,5872.93
Toyota,Prius,2022,1100,60.0,Petrol,Manual,First,11547,18401.57
Hyundai,Sonata,2011,800,60.0,Petrol,Automatic,Third,126142,2703.92
Toyota,Prius,2017,1800,96.8,Petrol,Automatic,First,75352,10468.52
Ford,Mustang,2022,1700,95.0,Petrol,Manual,Second,25993,19521.16
Mercedes,C-Class,2016,2100,106.4,Hybrid,Automatic,Second,103016,31410.62
Toyota,RAV4,2019,800,60.0,Diesel,Automatic,First,67010,14626.61
Nissan,Rogue,2015,900,60.0,Electric,Automatic,First,67101,8716.43
Hyundai,Kona,2015,1000,60.0,Petrol,Manual,Second,96321,4768.15
Hyundai,Elantra,2015,800,60.0,Hybrid,Automatic,First,111733,6467.93
Honda,CR-V,2019,1500,80.9,Petrol,Manual,First,69832,11583.71
Ford,Escape,2013,900,60.0,Petrol,Automatic,Second,126866,6598.45
Hyundai,Elantra,2022,1900,115.4,Diesel,Automatic,Second,14123,13495.31
Toyota,Prius,2014,1100,76.5,Electric,Automatic,First,120644,7801.9
Hyundai,Sonata,2016,1000,60.0,Petrol,Manual,Second,94694,4970.7
Honda,HR-V,2011,1400,80.3,Hybrid,Automatic,Second,132367,4705.16
Ford,F-150,2008,1300,73.7,Petrol,Manual,First,203236,4066.43
Ford,Mustang,2016,1500,70.5,Diesel,Automatic,Third,73283,8727.72
Hyundai,Sonata,2019,800,60.0,Diesel,Automatic,Second,18932,9216.29
Honda,CR-V,2014,1500,86.2,Petrol,Automatic,First,95258,7131.91
Audi,A6,2015,2100,108.7,Petrol,Automatic,Second,79815,21350.09
Audi,Q7,2017,2100,128.4,Diesel,Automatic,Second,62817,24310.7
Hyundai,Tucson,2009,1200,60.0,Hybrid,Manual,First,167298,2724.39
Toyota,Camry,2013,1000,64.4,Hybrid,Automatic,First,121570,6935.27
Nissan,Murano,2008,1800,96.9,Diesel,Manual,First,189478,3232.95
Honda,Pilot,2010,1300,80.9,Petrol,Manual,Second,160382,3240.01
Toyota,Corolla,2010,1200,62.1,Diesel,Automatic,First,125491,4660.78
Chevrolet,Silverado,2008,1400,62.8,Petrol,Automatic,First,210158,3395.99
Hyundai,Sonata,2021,1500,83.9,Petrol,Automatic,First,34095,12888.79
Mercedes,GLC,2009,2500,126.6,Hybrid,Automatic,Second,117960,16052.66
Honda,Civic,2008,1400,81.7,Petrol,Automatic,First,252897,3052.68
BMW,5 Series,2008,2600,146.8,Petrol,Automatic,Third,136523,9325.15
Mercedes,GLE,2019,2600,135.7,Electric,Automatic,Second,65368,57560.6
Honda,CR-V,2008,900,60.0,Petrol,Manual,First,238660,2477.52
BMW,3 Series,2021,2400,139.8,Diesel,Automatic,First,44065,56646.14
Honda,Pilot,2009,1400,71.8,Petrol,Manual,Second,143376,3054.97
Chevrolet,Malibu,2009,1200,60.0,Petrol,Automatic,First,220998,3283.72
Nissan,Pathfinder,2007,1100,66.4,Hybrid,Automatic,First,138588,3731.86
BMW,M3,2017,2600,136.5,Petrol,Automatic,First,47910,38444.74
Ford,F-150,2011,1500,94.4,Petrol,Manual,First,112726,5966.59
BMW,X5,2019,1700,88.2,Petrol,Automatic,First,56204,40637.48
Kia,Optima,2006,1500,75.5,Electric,Automatic,First,181033,3329.8
Kia,Sportage,2020,1300,79.7,Diesel,Automatic,Third,51907,8368.42
Audi,Q5,2019,2400,129.8,Diesel,Automatic,First,38413,37408.74
Nissan,Altima,2020,1100,60.0,Petrol,Automatic,Second,51469,9849.96
Audi,A3,2011,2000,118.7,Petrol,Manual,First,152647,11068.14
Honda,HR-V,2007,1000,60.0,Hybrid,Automatic,First,238021,3603.68
Toyota,RAV4,2013,1500,85.3,Electric,Automatic,Second,94748,7166.21
Toyota,Camry,2017,1300,66.1,Petrol,Automatic,First,109977,9819.21
Nissan,Murano,2019,1300,88.8,Petrol,Automatic,Second,37296,10208.62
Hyundai,Tucson,2010,800,60.0,Petrol,Automatic,First,160383,3150.09
Kia,Sportage,2008,1100,60.0,Diesel,Automatic,First,266416,2071.0
Hyundai,Tucson,2013,1200,60.0,Petrol,Automatic,Third,89713,3799.5
Chevrolet,Malibu,2021,1100,60.0,Diesel,Manual,First,30215,16742.78
Audi,Q7,2018,1900,93.4,Petrol,Automatic,First,91479,29428.65
Ford,Focus,2022,1700,86.9,Hybrid,Automatic,First,27892,24478.73
Kia,Sportage,2022,1500,74.3,Diesel,Automatic,First,17998,14147.71
Mercedes,GLE,2008,2100,123.7,Petrol,Automatic,Second,105531,13910.04
Kia,Soul,2011,800,60.0,Petrol,Automatic,First,174181,3101.7
Ford,F-150,2020,1600,88.6,Electric,Automatic,Second,14611,20756.4
BMW,3 Series,2013,2100,114.6,Diesel,Automatic,First,153212,18042.45
Honda,HR-V,2012,1300,60.0,Petrol,Manual,Second,199964,3572.14
Hyundai,Tucson,2009,1100,66.3,Diesel,Manual,First,141565,2955.36
Honda,HR-V,2014,1400,103.0,Petrol,Manual,First,88203,6490.12
Toyota,Corolla,2012,800,60.0,Petrol,Manual,Second,154109,4411.04
BMW,X3,2021,2300,136.5,Petrol,Automatic,First,22055,53820.1
Ford,Escape,2017,1500,72.0,Diesel,Manual,First,71298,11849.19
Ford,Mustang,2020,1900,99.7,Petrol,Automatic,Second,56897,15419.85
Ford,Escape,2020,1500,87.5,Hybrid,Automatic,First,72079,19152.34
Nissan,Pathfinder,2008,1000,63.6,Petrol,Automatic,First,145102,3609.92
Toyota,Prius,2011,1400,70.9,Electric,Manual,Second,71826,5353.68
Ford,F-150,2006,1400,63.9,Petrol,Automatic,First,244830,3714.87
Audi,A6,2008,2100,110.8,Electric,Automatic,Second,119936,12316.48
BMW,3 Series,2010,2100,123.7,Petrol,Manual,First,89691,13967.14
Ford,Explorer,2018,1400,105.4,Petrol,Automatic,Third,80136,10316.25
Honda,HR-V,2015,1300,78.4,Hybrid,Automatic,First,128669,7416.52
BMW,3 Series,2005,2500,144.3,Hybrid,Manual,Second,199032,10081.65
BMW,X5,2013,2500,134.8,Petrol,Automatic,Second,70591,20455.58
Toyota,Camry,2013,900,60.0,Petrol,Automatic,Second,115692,5585.63
Hyundai,Santa Fe,2015,800,60.0,Petrol,Manual,First,90806,5861.75
Hyundai,Sonata,2010,800,60.0,Petrol,Manual,Third,136779,2124.64
Ford,Mustang,2005,1200,75.1,Hybrid,Manual,First,279975,3685.87
Ford,Focus,2012,1400,63.6,Diesel,Automatic,First,164883,5837.44
Ford,Focus,2014,1200,84.2,Diesel,Automatic,Second,77555,8589.54
Chevrolet,Camaro,2011,1200,60.0,Petrol,Manual,First,205546,4353.7
Honda,HR-V,2006,1500,66.4,Electric,Automatic,Third,230664,2917.04
Honda,Civic,2005,1200,66.9,Petrol,Manual,First,251748,2696.35
Toyota,Prius,2016,1600,85.5,Petrol,Manual,First,82706,8908.6
Audi,A6,2016,2100,106.2,Petrol,Automatic,First,91437,25151.93
Hyundai,Tucson,2016,900,62.4,Petrol,Automatic,First,38619,6658.45
Hyundai,Tucson,2008,1400,69.2,Petrol,Automatic,Second,304137,1957.78
Toyota,Highlander,2019,800,60.0,Petrol,Manual,First,73044,11221.29
BMW,X5,2006,2700,147.9,Diesel,Manual,Second,166680,10496.54
Kia,Sportage,2020,900,60.0,Petrol,Automatic,First,43720,10228.87
Kia,Sportage,2015,1200,75.3,Diesel,Automatic,Second,43107,6561.45
Toyota,RAV4,2014,1500,78.7,Petrol,Automatic,Second,75103,6544.69
Toyota,Highlander,2020,1100,60.0,Petrol,Automatic,Second,49233,12280.66
Mercedes,GLE,2007,2800,151.7,Petrol,Automatic,Second,156775,14703.88
Toyota,RAV4,2016,1500,83.4,Electric,Manual,Second,92191,8516.99
Honda,Civic,2022,1600,83.0,Diesel,Automatic,First,22141,17931.9
Honda,HR-V,2006,2000,109.0,Diesel,Automatic,Second,254078,2879.43
Nissan,Altima,2009,1600,91.9,Petrol,Automatic,Second,134423,3064.26
Hyundai,Kona,2009,1600,90.6,Hybrid,Automatic,First,61818,4069.25
Hyundai,Elantra,2011,1100,76.0,Petrol,Manual,Second,112574,2960.21
Mercedes,A-Class,2010,2800,146.4,Diesel,Manual,Second,143459,14729.76
Mercedes,C-Class,2016,2100,105.4,Petrol,Automatic,First,124945,34189.71
Kia,Soul,2006,800,60.0,Diesel,Manual,Third,276247,1584.74
BMW,X5,2016,2700,145.0,Electric,Automatic,First,82105,34953.37
Chevrolet,Silverado,2010,1400,72.7,Diesel,Manual,Third,131698,3441.42
Ford,Mustang,2008,1300,60.0,Petrol,Manual,Second,137367,3896.76
Nissan,Sentra,2005,1400,72.8,Petrol,Manual,First,237463,2491.27
Honda,CR-V,2009,1600,97.7,Petrol,Manual,Second,255191,2406.26
Honda,Accord,2013,900,60.0,Petrol,Automatic,First,184956,4581.98
Audi,Q5,2010,2100,127.9,Hybrid,Automatic,Second,132357,12300.45
Nissan,Rogue,2019,900,60.0,Petrol,Automatic,Second,33482,10353.98
Chevrolet,Silverado,2011,800,60.0,Diesel,Automatic,First,149741,5135.68
Nissan,Murano,2020,1100,61.7,Petrol,Manual,Second,45998,9693.2
Kia,Sportage,2017,900,60.0,Electric,Automatic,Second,110732,7512.07
Toyota,RAV4,2008,800,60.0,Diesel,Automatic,First,193881,3779.21
Ford,F-150,2012,1400,76.0,Diesel,Automatic,First,125397,7199.95
BMW,3 Series,2020,2300,135.1,Hybrid,Automatic,Second,60426,43611.4
Ford,Explorer,2011,1100,60.0,Hybrid,Automatic,Second,187981,5206.76
Audi,Q5,2012,2300,114.5,Diesel,Automatic,First,170274,14289.58
Chevrolet,Equinox,2014,1000,60.0,Diesel,Automatic,First,141253,7036.69
Toyota,Camry,2010,800,60.0,Diesel,Automatic,First,199806,3834.44
Chevrolet,Equinox,2012,1300,76.8,Diesel,Manual,First,161071,5081.69
Chevrolet,Silverado,2022,1500,82.7,Electric,Automatic,Second,11186,23040.22
Mercedes,GLC,2011,2400,126.4,Diesel,Automatic,Second,155553,16758.55
Ford,F-150,2011,1000,68.7,Petrol,Manual,First,81264,6380.72
Ford,Escape,2007,1500,104.7,Hybrid,Manual,First,212720,4416.72
Toyota,RAV4,2015,1200,62.1,Hybrid,Automatic,First,96251,9318.52
Ford,Mustang,2015,1400,104.0,Petrol,Manual,Second,134864,6973.3
BMW,X3,2012,1700,85.2,Petrol,Automatic,First,160546,17119.19
Hyundai,Santa Fe,2015,900,60.0,Petrol,Automatic,Third,80544,4575.01
Nissan,Sentra,2015,800,60.0,Diesel,Automatic,Second,74217,6857.92
Hyundai,Santa Fe,2019,1000,60.0,Diesel,Automatic,First,97578,9529.06
Honda,HR-V,2019,1000,65.6,Petrol,Manual,First,33353,13037.22
Chevrolet,Traverse,2016,1300,68.2,Diesel,Automatic,Second,71160,8316.75
Chevrolet,Malibu,2007,1200,73.3,Hybrid,Automatic,Third,136625,3525.98
BMW,X3,2019,2300,114.7,Petrol,Automatic,First,70544,40885.0
Honda,Accord,2012,1500,69.9,Petrol,Automatic,Second,73656,5111.82
Honda,Pilot,2011,800,60.0,Diesel,Automatic,Second,130015,4219.64
Chevrolet,Malibu,2014,900,60.0,Petrol,Automatic,First,142110,7273.79
Hyundai,Kona,2010,800,60.0,Petrol,Automatic,First,237961,2617.0
Nissan,Rogue,2014,900,60.0,Petrol,Automatic,Second,126957,4785.49
Honda,Pilot,2020,800,60.0,Diesel,Automatic,First,45512,14324.32
BMW,M3,2017,1500,88.2,Diesel,Manual,First,78264,33476.36
Chevrolet,Silverado,2021,1300,82.8,Hybrid,Automatic,Second,30159,17948.86
Audi,Q5,2008,2300,135.8,Hybrid,Automatic,First,192042,11473.69
Kia,Sorento,2008,1500,96.0,Hybrid,Automatic,First,111096,3419.29
Toyota,RAV4,2011,1400,68.6,Petrol,Automatic,Second,143740,3863.08
Toyota,RAV4,2016,1300,79.2,Petrol,Manual,Second,59391,8088.71
Toyota,Corolla,2010,900,60.0,Hybrid,Automatic,Second,143630,4427.69
BMW,X3,2009,2900,173.4,Petrol,Automatic,Second,199800,10638.17
Audi,Q7,2017,2500,116.9,Hybrid,Automatic,First,51105,31985.35
Honda,HR-V,2011,900,60.0,Petrol,Automatic,Third,82599,3742.7
Honda,HR-V,2012,800,60.0,Petrol,Automatic,First,192079,4458.89
Ford,Focus,2022,1600,89.6,Diesel,Manual,Second,3892,21768.03
Hyundai,Santa Fe,2014,1100,60.0,Diesel,Manual,First,114761,4925.9
Honda,Pilot,2012,1200,60.0,Petrol,Manual,First,99432,4711.26
Toyota,Highlander,2012,1100,63.6,Petrol,Automatic,Third,115375,4062.29
Hyundai,Santa Fe,2018,800,60.0,Petrol,Automatic,Second,59869,7560.3
Hyundai,Sonata,2017,800,60.0,Diesel,Automatic,First,102977,7513.24
Ford,F-150,2020,1300,60.0,Petrol,Automatic,First,64672,15851.1
Toyota,Camry,2010,1100,69.4,Petrol,Automatic,First,171275,4271.89
Ford,Mustang,2013,1400,74.9,Petrol,Automatic,Second,123582,6924.06
Nissan,Sentra,2017,1000,60.0,Hybrid,Manual,Second,74968,8355.82
Hyundai,Elantra,2009,900,61.2,Diesel,Automatic,First,173416,2792.3
Ford,Focus,2022,1900,126.9,Petrol,Automatic,First,20555,22879.66
Hyundai,Tucson,2017,800,60.0,Petrol,Automatic,Second,96176,6704.71
BMW,X3,2013,1400,74.3,Diesel,Manual,First,127945,18427.52
Kia,Stinger,2009,1200,91.1,Petrol,Manual,Second,205565,1943.3
Hyundai,Tucson,2013,1200,61.2,Hybrid,Automatic,Second,106283,4651.83
Hyundai,Kona,2019,900,60.0,Petrol,Manual,Third,45029,7022.95
Hyundai,Elantra,2010,1100,65.0,Diesel,Automatic,Third,116209,2634.58
Toyota,Corolla,2007,1400,60.1,Diesel,Automatic,First,166727,4221.34
Audi,Q7,2005,2700,140.1,Petrol,Automatic,Third,176654,7808.13
BMW,M3,2008,1900,86.1,Petrol,Automatic,First,104869,12669.8
Toyota,Highlander,2022,1000,61.2,Diesel,Automatic,Second,25818,18446.45
Nissan,Pathfinder,2007,1200,74.3,Diesel,Automatic,Second,242926,2632.75
Chevrolet,Traverse,2013,1300,85.2,Electric,Manual,First,189054,6405.36
Audi,A6,2021,2100,116.3,Hybrid,Automatic,Second,41822,44004.49
Hyundai,Santa Fe,2007,900,64.3,Petrol,Automatic,First,192211,2325.75
Honda,Civic,2018,1300,93.0,Petrol,Automatic,Second,81329,9193.41
Honda,CR-V,2014,1200,71.2,Diesel,Manual,Second,106946,5973.01
Ford,Mustang,2007,1400,77.7,Diesel,Automatic,Second,153387,4158.12
Hyundai,Elantra,2022,1600,96.3,Petrol,Automatic,First,12052,13551.01
BMW,3 Series,2011,2200,135.4,Hybrid,Automatic,Second,148269,16346.61
Honda,Pilot,2009,1000,60.0,Petrol,Automatic,First,234943,2997.01
Ford,Focus,2012,1100,75.8,Petrol,Manual,First,92499,6991.4
Honda,Civic,2012,1000,60.0,Hybrid,Manual,First,74945,6418.27
Honda,Accord,2021,900,60.0,Diesel,Manual,Second,45583,13566.92
Hyundai,Sonata,2022,1300,79.9,Hybrid,Manual,Second,21081,12991.72
BMW,M3,2009,2000,108.5,Petrol,Manual,First,220040,9719.41
Kia,Sorento,2005,1400,87.9,Petrol,Automatic,First,199406,2384.6
Audi,A4,2018,2300,128.6,Petrol,Automatic,Second,75889,29699.5
Mercedes,E-Class,2013,2100,117.8,Petrol,Automatic,First,141930,22404.71
Toyota,RAV4,2013,1400,69.2,Diesel,Automatic,First,80676,7609.96
Kia,Soul,2012,1600,82.6,Diesel,Manual,Second,104189,3638.76
Chevrolet,Silverado,2019,1600,87.7,Petrol,Manual,Third,58432,9305.41
Chevrolet,Malibu,2022,1400,72.8,Petrol,Manual,First,32434,18969.52
Audi,Q5,2021,1800,109.1,Hybrid,Manual,Second,47245,44387.57
Kia,Optima,2019,1400,80.0,Electric,Automatic,Third,60309,8844.21
Audi,Q5,2012,2100,115.9,Petrol,Automatic,Second,147645,11534.76
Chevrolet,Traverse,2010,1300,68.8,Petrol,Manual,Second,153340,3879.56
Chevrolet,Camaro,2020,1700,99.1,Petrol,Manual,Second,42853,11483.68
Nissan,Sentra,2020,800,60.0,Hybrid,Manual,First,47466,12543.06
Honda,CR-V,2011,1200,60.0,Electric,Automatic,Second,118910,4943.38
Honda,CR-V,2016,800,60.0,Petrol,Manual,Second,53176,7029.66
Mercedes,GLC,2009,2900,173.1,Diesel,Automatic,Second,166822,11807.29
Hyundai,Tucson,2017,1600,75.1,Petrol,Automatic,First,76181,7409.55
Honda,Accord,2018,1200,80.7,Diesel,Manual,First,89990,10288.87
Honda,Accord,2022,1300,73.5,Hybrid,Automatic,Third,21333,14938.06
Honda,HR-V,2022,1500,72.6,Petrol,Manual,Third,20395,12125.99
Audi,A3,2017,2000,130.2,Petrol,Automatic,Second,80894,25181.77
BMW,X3,2021,1900,106.0,Diesel,Automatic,Second,36416,49980.77
Toyota,Camry,2021,1700,83.1,Hybrid,Automatic,Second,18560,17722.36
BMW,X5,2010,2700,151.7,Petrol,Automatic,Second,150490,11938.01
Chevrolet,Camaro,2018,1300,63.7,Diesel,Manual,Second,69041,10964.2
Ford,F-150,2012,1400,61.9,Diesel,Manual,First,207063,5138.97
Honda,Accord,2014,1400,73.2,Diesel,Manual,First,83481,6522.76
BMW,X3,2017,2400,137.3,Hybrid,Automatic,First,84367,33836.66
Audi,Q5,2014,2000,109.4,Petrol,Manual,First,104023,18943.55
Ford,Focus,2012,1400,63.9,Petrol,Manual,Second,71428,5103.93
Hyundai,Elantra,2014,800,60.0,Diesel,Manual,First,90151,5337.87
Ford,F-150,2020,1800,97.2,Diesel,Automatic,First,46732,18863.54
Toyota,RAV4,2014,1100,60.0,Electric,Automatic,Second,85828,7232.39
Honda,HR-V,2005,1100,60.5,Electric,Automatic,First,268822,3782.88
Honda,Pilot,2016,1000,62.8,Diesel,Automatic,First,76486,8412.57
Hyundai,Sonata,2015,1000,67.7,Petrol,Manual,Second,70552,4562.29
Chevrolet,Malibu,2017,1800,111.2,Diesel,Automatic,Third,48516,8572.26
Ford,Focus,2015,1100,60.0,Electric,Manual,First,63365,10582.98
Kia,Stinger,2005,800,60.0,Petrol,Manual,Second,235884,1975.84
Ford,Escape,2016,1600,79.6,Diesel,Automatic,Second,109611,9171.4
Toyota,Prius,2012,1300,68.2,Diesel,Manual,Third,91259,4292.87
Nissan,Altima,2008,800,60.0,Diesel,Automatic,Second,183026,2896.63
BMW,5 Series,2016,2100,101.9,Diesel,Manual,First,111568,26709.28
Hyundai,Elantra,2007,1200,60.0,Diesel,Automatic,First,236829,2482.29
Audi,A3,2012,2400,127.2,Petrol,Automatic,Second,112233,14439.71
Chevrolet,Equinox,2015,1600,96.9,Petrol,Automatic,Second,104171,8151.68
Kia,Optima,2020,900,60.0,Diesel,Automatic,Third,41895,8022.14
Chevrolet,Camaro,2015,1400,91.6,Electric,Manual,First,109542,9768.82
Chevrolet,Malibu,2017,1600,85.3,Diesel,Automatic,First,84197,10318.02
Chevrolet,Traverse,2017,1400,86.3,Petrol,Automatic,First,50441,11065.65
Honda,HR-V,2014,1200,63.9,Hybrid,Manual,First,61813,7352.74
Toyota,RAV4,2009,1500,104.0,Diesel,Automatic,First,131857,4554.26
Honda,Civic,2005,800,60.0,Petrol,Automatic,First,216469,2970.35
Kia,Sorento,2008,1100,65.3,Diesel,Automatic,First,127995,3151.5
Nissan,Rogue,2017,1000,73.0,Petrol,Automatic,Second,64947,7485.97
Mercedes,A-Class,2010,2100,118.4,Diesel,Manual,Second,116271,15865.81
Hyundai,Santa Fe,2019,900,60.0,Petrol,Manual,Third,51354,6818.94
Toyota,Highlander,2021,800,60.0,Electric,Manual,First,40221,19311.67
Hyundai,Tucson,2010,800,60.0,Electric,Automatic,Third,172663,2534.38
Chevrolet,Silverado,2015,1300,76.9,Petrol,Manual,First,115604,7256.25
Hyundai,Sonata,2016,1500,79.4,Diesel,Automatic,Second,60209,6338.06
Toyota,Corolla,2020,900,60.0,Diesel,Automatic,First,23589,15092.8
Hyundai,Santa Fe,2016,800,60.0,Diesel,Manual,Second,86810,6096.65
Honda,Pilot,2021,800,60.0,Petrol,Manual,First,43271,14290.74
Mercedes,GLC,2019,2100,110.5,Diesel,Manual,First,65372,50959.62
Ford,Explorer,2019,1100,60.0,Hybrid,Manual,First,60483,16714.75
Ford,F-150,2014,1000,70.2,Diesel,Automatic,First,77567,9960.18
Honda,Civic,2022,1000,60.0,Electric,Automatic,First,26047,19971.75
Toyota,Camry,2013,1400,69.0,Petrol,Automatic,First,86606,6888.89
Toyota,Camry,2022,1800,95.3,Electric,Automatic,Second,22000,21577.14
Kia,Sportage,2018,1000,60.0,Petrol,Manual,Second,42826,7351.75
Honda,Civic,2014,1000,60.0,Diesel,Manual,First,115993,6557.81
Nissan,Rogue,2005,1200,67.8,Petrol,Manual,First,173665,2960.12
Nissan,Murano,2010,1000,60.0,Petrol,Manual,First,216966,3075.92
Ford,Focus,2010,1400,71.0,Hybrid,Automatic,First,54813,6885.69
Ford,Focus,2022,1800,95.3,Hybrid,Automatic,Second,24434,22600.96
Ford,Explorer,2018,1200,65.5,Petrol,Automatic,First,63419,14958.74
Chevrolet,Traverse,2014,1800,98.2,Hybrid,Manual,First,114006,7765.96
Mercedes,C-Class,2009,2600,145.7,Petrol,Automatic,Second,218390,11310.96
Hyundai,Sonata,2009,1000,66.8,Diesel,Manual,Second,174032,2438.18
Toyota,Camry,2007,1600,76.8,Petrol,Manual,First,216049,3124.77
Hyundai,Elantra,2015,1200,67.8,Petrol,Automatic,First,135351,5594.33
Audi,A3,2015,2200,126.1,Hybrid,Automatic,Second,79273,22464.45
Nissan,Murano,2013,800,60.0,Petrol,Manual,First,149748,4422.97
Nissan,Altima,2017,1500,69.3,Petrol,Automatic,First,76315,9167.45
Ford,F-150,2018,1200,60.0,Diesel,Automatic,First,79701,14198.22
Ford,Escape,2013,1700,97.8,Hybrid,Automatic,Second,137972,7556.52
Toyota,Prius,2021,1500,78.4,Hybrid,Automatic,Third,20835,14774.71
Ford,Explorer,2022,1600,93.5,Diesel,Manual,Second,27740,21594.03
Toyota,Prius,2022,1300,83.2,Electric,Automatic,Third,18862,16918.89
Ford,Mustang,2022,1800,99.3,Diesel,Automatic,Third,29310,17080.08
BMW,X5,2014,3100,179.2,Diesel,Automatic,Second,95730,22488.36
Chevrolet,Equinox,2021,1700,96.0,Petrol,Manual,First,47106,17042.13
Honda,Pilot,2009,800,60.0,Petrol,Automatic,First,226384,3185.3
Ford,Focus,2005,1300,60.2,Petrol,Automatic,First,303164,3663.59
Hyundai,Santa Fe,2016,800,60.0,Petrol,Automatic,First,91822,6800.9
Ford,Explorer,2006,1400,78.4,Petrol,Automatic,Second,216971,3478.45
Honda,Civic,2022,1400,72.5,Petrol,Automatic,Second,14369,16740.35
BMW,5 Series,2022,2000,121.8,Diesel,Manual,Second,16585,54817.92
Toyota,Highlander,2005,1100,76.6,Diesel,Automatic,First,223820,3521.09
Ford,F-150,2014,1700,95.2,Diesel,Automatic,First,144694,8208.13
Toyota,Camry,2014,900,60.0,Electric,Automatic,Second,114007,7056.77
Audi,A6,2017,2000,119.0,Petrol,Manual,First,91978,23338.95
Honda,Accord,2014,1500,80.5,Hybrid,Manual,First,64984,6678.3
Honda,HR-V,2015,1200,67.8,Petrol,Manual,Second,98566,5723.39
Ford,Mustang,2020,1000,60.0,Diesel,Manual,First,55522,17298.99
Hyundai,Sonata,2019,800,60.0,Diesel,Automatic,First,58542,9909.49
Honda,Pilot,2008,1300,80.8,Electric,Automatic,First,210836,3719.23
Toyota,Prius,2011,1100,60.0,Hybrid,Automatic,First,183093,5577.42
Toyota,RAV4,2010,1400,80.6,Electric,Manual,First,99825,5809.26
Chevrolet,Malibu,2014,1500,76.7,Diesel,Manual,Second,85458,6585.74
Toyota,Camry,2019,1000,60.0,Diesel,Manual,First,54130,12515.45
Honda,Accord,2008,1200,60.0,Diesel,Manual,First,93600,3968.21
Kia,Sorento,2014,1000,60.0,Petrol,Automatic,First,88285,4927.81
Mercedes,GLE,2012,2400,137.3,Electric,Automatic,First,110187,28730.23
Ford,F-150,2014,800,60.0,Petrol,Automatic,First,129428,7711.84
Hyundai,Santa Fe,2006,800,60.0,Diesel,Manual,Second,194523,1981.49
Toyota,RAV4,2019,1500,83.2,Petrol,Automatic,Third,58727,10175.8
Mercedes,E-Class,2011,2800,160.1,Diesel,Automatic,Second,185341,15195.87
Chevrolet,Traverse,2020,800,60.0,Petrol,Manual,Third,54549,11258.5
Nissan,Altima,2009,1300,92.8,Hybrid,Manual,First,187750,3172.98
Hyundai,Kona,2018,1300,85.5,Petrol,Automatic,First,72403,9059.47
Toyota,Corolla,2018,1500,88.6,Petrol,Manual,First,79025,10518.66
Ford,Escape,2021,1600,104.6,Petrol,Manual,First,30600,20367.35
Toyota,Prius,2008,900,60.0,Petrol,Manual,First,201422,3129.48
Kia,Soul,2017,800,60.0,Diesel,Manual,First,64865,7204.76
Toyota,RAV4,2013,1600,97.0,Petrol,Manual,First,79490,6343.0
Hyundai,Sonata,2006,1100,68.4,Diesel,Automatic,First,81667,3408.45
Chevrolet,Silverado,2020,1600,70.6,Petrol,Automatic,Second,54345,13370.76
BMW,5 Series,2014,2000,97.8,Hybrid,Automatic,First,123802,22939.4
Honda,CR-V,2008,1600,105.9,Petrol,Manual,Second,97411,3739.08
Hyundai,Sonata,2005,800,60.0,Petrol,Automatic,First,107014,3127.97
Honda,Accord,2007,1300,68.1,Petrol,Manual,First,197126,2990.64
Audi,Q7,2005,2200,126.0,Hybrid,Manual,First,210034,9502.71
Ford,Explorer,2009,1200,69.2,Petrol,Automatic,First,242408,3837.58
Honda,Accord,2020,800,60.0,Diesel,Automatic,First,47296,14373.09
Honda,CR-V,2018,1600,89.8,Petrol,Manual,Second,62655,8854.51
BMW,X3,2022,1900,90.5,Diesel,Manual,First,25460,56054.68
Ford,Explorer,2008,1400,70.0,Petrol,Automatic,Second,247782,2699.13
Ford,Escape,2006,1300,63.3,Petrol,Automatic,First,350000,3634.04
Chevrolet,Traverse,2008,1000,69.4,Diesel,Manual,Second,179434,3280.46
Toyota,RAV4,2010,1400,60.3,Hybrid,Manual,First,147962,4462.83
Honda,CR-V,2020,900,60.0,Diesel,Manual,Second,51863,11839.78
Nissan,Murano,2017,1500,87.9,Petrol,Automatic,First,55576,9502.07
Toyota,Prius,2013,1300,66.6,Petrol,Automatic,Second,102360,5673.98
Toyota,RAV4,2014,1400,90.9,Petrol,Automatic,First,124022,6902.77
Toyota,Highlander,2022,900,69.4,Diesel,Automatic,First,17619,20831.4
Hyundai,Kona,2013,1000,68.7,Hybrid,Manual,Second,101453,4246.49
Mercedes,A-Class,2008,3000,173.8,Petrol,Automatic,Second,191316,12601.3
Nissan,Altima,2020,800,60.0,Diesel,Manual,First,53297,11690.74
Ford,Focus,2006,800,60.0,Diesel,Automatic,First,308303,3736.4
Mercedes,E-Class,2011,2600,161.1,Diesel,Automatic,First,182100,17452.93
BMW,X5,2006,1900,106.9,Petrol,Automatic,Second,271268,8693.91
Chevrolet,Traverse,2008,1400,75.1,Petrol,Automatic,Third,111896,3279.92
BMW,3 Series,2019,2500,144.6,Diesel,Automatic,First,45018,48017.44
Chevrolet,Traverse,2008,900,60.0,Hybrid,Manual,First,260607,3515.31
Kia,Optima,2017,800,60.0,Petrol,Automatic,First,112575,6898.72
Chevrolet,Silverado,2019,1300,60.0,Petrol,Automatic,First,77572,12743.48
Audi,A3,2007,1700,78.4,Diesel,Automatic,First,201271,10318.6
BMW,X5,2011,1900,93.0,Petrol,Manual,Third,76752,11623.33
Audi,A3,2017,2500,117.3,Hybrid,Automatic,Third,70235,23473.65
Audi,A6,2015,2400,146.0,Electric,Manual,Second,70535,23578.03
Toyota,Prius,2016,1100,76.8,Diesel,Automatic,First,91651,9524.24
Hyundai,Santa Fe,2019,1000,79.1,Petrol,Manual,Third,61443,6772.44
Toyota,Camry,2022,1600,62.9,Petrol,Manual,Second,28491,14312.36
Mercedes,C-Class,2006,2200,123.7,Diesel,Manual,First,246772,12294.9
Ford,Escape,2014,1200,64.2,Hybrid,Manual,First,100138,9154.43
Mercedes,A-Class,2013,2400,147.5,Diesel,Manual,First,158316,22153.9
Nissan,Pathfinder,2013,1100,64.7,Hybrid,Automatic,First,116477,5765.16
Nissan,Murano,2014,1100,82.1,Petrol,Manual,Second,84681,5211.91
Hyundai,Kona,2021,1600,75.0,Petrol,Automatic,Third,36111,9628.67
Honda,Civic,2020,800,70.6,Petrol,Automatic,Second,25325,13140.03
Toyota,RAV4,2021,1500,89.2,Diesel,Manual,First,44378,17580.33
Toyota,RAV4,2013,1200,72.6,Hybrid,Automatic,Second,127568,6534.06
Hyundai,Kona,2012,1000,60.0,Petrol,Automatic,Second,74318,3617.59
BMW,X5,2020,2300,124.2,Petrol,Automatic,First,38042,47958.12
Chevrolet,Silverado,2009,1200,60.0,Petrol,Automatic,First,178479,3847.92
Hyundai,Tucson,2020,1600,87.1,Petrol,Automatic,Second,28326,10286.43
Audi,A4,2022,2100,108.7,Petrol,Automatic,First,9863,59392.31
Audi,A3,2016,2000,119.4,Petrol,Automatic,First,147136,21016.15
Mercedes,A-Class,2006,2800,135.0,Petrol,Automatic,Second,150541,12716.73
BMW,M3,2016,2000,123.6,Petrol,Manual,First,66135,30406.31
Hyundai,Tucson,2019,1700,103.3,Hybrid,Automatic,First,72870,11138.15
Mercedes,GLC,2009,2900,155.3,Petrol,Manual,First,93130,15961.94
Honda,CR-V,2010,1300,75.9,Petrol,Automatic,First,213112,3070.33
Chevrolet,Silverado,2014,1500,78.6,Petrol,Automatic,Second,92219,7110.28
Toyota,Camry,2006,1200,71.6,Hybrid,Manual,First,211290,3457.18
Toyota,Corolla,2013,1100,70.6,Electric,Automatic,Second,128200,6128.03
Hyundai,Tucson,2012,1000,62.9,Hybrid,Automatic,Second,155695,3418.85
Mercedes,GLE,2021,2000,116.5,Petrol,Automatic,First,36942,66991.52
Audi,A3,2022,1700,107.3,Petrol,Automatic,First,30595,51332.29
Ford,Focus,2012,1600,76.9,Petrol,Automatic,First,157958,6060.53
Hyundai,Kona,2005,800,60.0,Diesel,Automatic,First,184234,2914.08
Chevrolet,Malibu,2013,1600,98.2,Petrol,Manual,First,97650,6419.89
Nissan,Sentra,2021,900,60.0,Petrol,Manual,First,32647,12360.69
Toyota,RAV4,2008,1200,79.8,Hybrid,Automatic,First,133627,4475.13
Hyundai,Elantra,2018,800,60.0,Petrol,Manual,First,90612,7642.06
Honda,Pilot,2008,1000,60.0,Petrol,Automatic,First,170805,3683.57
Kia,Stinger,2017,1200,60.0,Diesel,Manual,First,103582,6689.82
BMW,X5,2022,2500,128.4,Diesel,Automatic,Second,18349,54010.28
Chevrolet,Malibu,2011,1300,70.0,Diesel,Manual,Second,132474,4220.32
Ford,Escape,2015,1500,89.2,Petrol,Automatic,Second,62298,9349.33
Mercedes,GLE,2017,2700,126.2,Petrol,Automatic,First,82088,41874.48
Toyota,Camry,2022,1500,62.9,Petrol,Manual,Second,12408,14925.03
BMW,X5,2008,2300,120.0,Diesel,Manual,Third,210013,8338.04
Honda,Pilot,2013,1400,77.6,Petrol,Automatic,First,173763,5348.66
BMW,3 Series,2012,2000,108.4,Petrol,Manual,First,161149,15540.67
Toyota,Corolla,2012,800,60.0,Petrol,Manual,Second,156247,4891.02
Ford,F-150,2012,800,60.0,Petrol,Manual,First,134932,5734.96
Mercedes,E-Class,2007,2500,133.9,Electric,Automatic,First,116750,19436.27
Audi,A6,2015,2400,125.6,Hybrid,Automatic,First,117737,22835.71
Hyundai,Sonata,2016,1100,64.7,Petrol,Automatic,Second,75139,5909.44
Mercedes,E-Class,2006,2400,119.7,Petrol,Manual,Second,258881,9791.41
Toyota,Corolla,2014,1700,89.4,Petrol,Automatic,Second,54418,7345.37
Ford,Mustang,2018,1100,60.0,Petrol,Manual,First,103450,11923.09
Chevrolet,Camaro,2006,800,60.0,Diesel,Manual,First,207249,3503.65
Ford,Focus,2008,1400,67.3,Petrol,Automatic,First,217664,3812.48
Hyundai,Santa Fe,2012,1400,67.5,Petrol,Automatic,First,101888,4629.83
Chevrolet,Malibu,2007,800,60.0,Electric,Automatic,Second,183775,3985.47
Hyundai,Kona,2013,800,60.0,Diesel,Automatic,Second,159712,3565.87
BMW,M3,2016,2200,125.3,Hybrid,Automatic,Second,80988,28959.82
Chevrolet,Traverse,2019,1700,83.7,Petrol,Automatic,First,63642,14159.61
Chevrolet,Camaro,2006,1000,63.8,Diesel,Automatic,First,132195,4957.68
BMW,X5,2005,2600,134.0,Diesel,Manual,First,234855,9398.65
Ford,Escape,2021,1100,60.0,Petrol,Automatic,First,36896,19664.3
Honda,CR-V,2014,1000,66.6,Hybrid,Automatic,Second,104041,6482.93
Mercedes,C-Class,2008,1900,111.8,Petrol,Manual,First,85822,17390.15
Ford,Focus,2008,1900,116.5,Petrol,Automatic,Second,199668,4203.22
Kia,Sportage,2019,900,60.0,Hybrid,Manual,Second,40486,8641.48
Chevrolet,Silverado,2021,1400,75.1,Hybrid,Automatic,Second,29468,19168.01
Toyota,Corolla,2013,1400,89.2,Diesel,Manual,First,138947,5903.63
Hyundai,Tucson,2009,800,60.0,Electric,Automatic,First,166038,3600.1
Toyota,Corolla,2015,1300,78.4,Electric,Automatic,Second,127996,8336.72
Chevrolet,Equinox,2005,800,60.0,Petrol,Automatic,First,146175,4158.46
Audi,Q5,2019,2400,131.9,Electric,Manual,First,80997,41274.43
Hyundai,Santa Fe,2018,1400,82.3,Petrol,Automatic,Second,87346,7536.27
Hyundai,Sonata,2015,1200,65.8,Hybrid,Automatic,Second,60754,6369.11
Chevrolet,Traverse,2006,1900,108.7,Hybrid,Automatic,First,199508,4313.14
Ford,Focus,2017,2000,105.1,Petrol,Manual,Third,76743,9021.74
Hyundai,Santa Fe,2011,1600,87.6,Petrol,Manual,First,66737,3838.99
Ford,Escape,2018,1400,61.5,Petrol,Automatic,Second,54234,12260.41
Toyota,Camry,2013,1600,92.7,Petrol,Automatic,Second,64954,6700.61
Kia,Soul,2014,800,60.0,Electric,Automatic,First,101658,6088.88
Kia,Optima,2022,1000,60.0,Petrol,Automatic,Second,13182,11400.15
Toyota,Highlander,2008,1400,75.3,Petrol,Automatic,First,153753,3695.33
Honda,Civic,2013,1000,60.0,Petrol,Manual,Second,112577,4645.89
Nissan,Murano,2012,1200,60.0,Diesel,Automatic,Third,128886,3419.21
Toyota,Camry,2018,800,60.0,Petrol,Automatic,Second,59443,10379.93
Hyundai,Santa Fe,2010,800,60.0,Petrol,Automatic,Second,113365,3148.44
Ford,Focus,2013,1400,75.1,Petrol,Automatic,Second,168218,5644.98
Ford,Escape,2014,1500,74.6,Petrol,Automatic,Third,75181,7119.3
Chevrolet,Malibu,2019,1300,73.0,Diesel,Automatic,First,82637,13852.19
Honda,HR-V,2019,1000,60.0,Petrol,Automatic,Second,50539,10627.28
Ford,Explorer,2017,2000,98.3,Hybrid,Manual,Second,84670,11252.46
Ford,Focus,2019,1200,65.6,Petrol,Manual,Third,25662,11919.57
Hyundai,Elantra,2015,1200,79.2,Diesel,Manual,First,109083,5755.95
Ford,Focus,2009,1700,90.9,Hybrid,Manual,First,116584,5377.63
Honda,Civic,2011,900,60.0,Petrol,Automatic,Second,96281,4368.02
BMW,5 Series,2005,2100,113.0,Petrol,Automatic,Second,245225,9088.93
Kia,Sportage,2010,1100,60.0,Diesel,Automatic,First,194196,3054.68
Hyundai,Elantra,2013,1200,64.6,Petrol,Manual,First,97714,4420.27
Audi,A3,2007,2000,117.0,Petrol,Automatic,First,129263,10873.36
Toyota,Corolla,2018,1200,60.9,Electric,Manual,First,68193,12308.08
Audi,Q5,2014,1700,97.5,Hybrid,Automatic,Third,98100,17063.8
Audi,A6,2020,2000,103.2,Petrol,Automatic,First,50670,43433.6
BMW,5 Series,2022,2100,126.1,Diesel,Manual,First,20884,60456.44
BMW,X5,2008,2400,124.7,Diesel,Automatic,Third,107810,11110.74
Nissan,Pathfinder,2011,1200,60.0,Diesel,Manual,First,185785,3507.05
BMW,X3,2014,1900,106.3,Petrol,Automatic,First,100584,21210.03
Hyundai,Tucson,2012,800,60.0,Petrol,Automatic,Second,137418,3463.57
Toyota,Corolla,2006,1000,60.0,Electric,Automatic,First,168783,4528.73
Mercedes,GLE,2010,2500,133.2,Diesel,Automatic,Second,138285,16266.23
BMW,5 Series,2014,2400,121.8,Electric,Manual,First,66661,26778.49
Ford,Explorer,2012,1100,60.0,Petrol,Automatic,First,109969,7415.53
Chevrolet,Silverado,2008,1900,98.6,Petrol,Manual,First,171215,4015.89
Ford,Mustang,2010,1400,67.9,Hybrid,Automatic,Second,194912,4799.91
Chevrolet,Malibu,2015,1400,66.9,Petrol,Automatic,Second,86180,8156.69
Mercedes,C-Class,2006,1900,109.2,Petrol,Manual,First,291235,11056.01
Chevrolet,Camaro,2022,1700,95.1,Hybrid,Manual,Second,40349,18373.88
Honda,Accord,2011,1000,60.0,Petrol,Automatic,First,159393,4370.11
Chevrolet,Traverse,2010,1500,101.1,Diesel,Automatic,First,185763,4045.56
BMW,3 Series,2020,2900,142.5,Petrol,Automatic,Second,31859,41883.57
Ford,Explorer,2010,1300,80.0,Petrol,Automatic,First,150262,4684.78
BMW,3 Series,2009,2500,150.5,Petrol,Manual,Second,150574,9485.51
Honda,CR-V,2020,1100,60.0,Diesel,Manual,Second,36749,12219.8
Mercedes,C-Class,2014,2100,115.8,Hybrid,Manual,Second,87104,24469.73
BMW,X5,2005,2600,149.7,Petrol,Automatic,Second,242779,8644.52
Kia,Optima,2011,1300,74.1,Hybrid,Automatic,First,162276,3562.92
Mercedes,A-Class,2016,2400,108.6,Petrol,Automatic,First,61199,38863.3
Toyota,Prius,2014,1600,82.9,Electric,Automatic,First,132910,8467.55
Toyota,Corolla,2016,1500,93.3,Petrol,Automatic,Second,120674,6842.47
BMW,5 Series,2017,2500,127.9,Petrol,Automatic,First,66584,34575.07
Nissan,Rogue,2022,1400,81.0,Hybrid,Automatic,Second,28587,16590.93
Nissan,Altima,2014,1200,71.2,Petrol,Manual,Second,60367,5533.29
Honda,Pilot,2005,1300,77.5,Petrol,Manual,Second,231999,2418.75
Audi,Q5,2015,2000,106.7,Diesel,Automatic,Second,99698,20236.32
Honda,Civic,2005,1500,88.8,Hybrid,Manual,Second,162141,3317.7
Hyundai,Tucson,2006,800,60.0,Diesel,Manual,First,213005,2405.83
Audi,A4,2007,1900,111.9,Petrol,Automatic,Second,164739,9363.19
Ford,Escape,2010,1600,79.2,Petrol,Automatic,Second,238665,3590.31
Hyundai,Santa Fe,2012,1100,60.0,Diesel,Manual,First,192968,3237.09
Hyundai,Kona,2017,1400,86.6,Electric,Automatic,First,45470,10042.72
BMW,X5,2014,2400,132.6,Petrol,Automatic,First,113850,23137.82
Mercedes,E-Class,2022,3000,169.0,Petrol,Automatic,First,32805,68167.24
Kia,Sorento,2018,1100,66.4,Petrol,Automatic,First,69517,8121.93
Honda,HR-V,2007,1500,82.7,Petrol,Automatic,First,223596,3085.92
Chevrolet,Malibu,2020,1100,60.0,Petrol,Automatic,Second,61068,14014.74
Hyundai,Tucson,2022,1300,64.8,Diesel,Automatic,First,41953,14182.08
Hyundai,Tucson,2014,1100,65.4,Petrol,Manual,First,200045,3780.19
Toyota,Highlander,2008,1500,84.3,Electric,Automatic,First,166686,4868.53
BMW,M3,2022,2300,109.1,Petrol,Automatic,First,28146,60719.34
BMW,3 Series,2018,2500,144.6,Petrol,Automatic,Second,84599,30749.95
Hyundai,Tucson,2010,1500,94.5,Petrol,Manual,Third,100884,2313.48
Toyota,Camry,2013,1200,60.0,Diesel,Automatic,First,104029,6672.09
Hyundai,Tucson,2005,1200,68.6,Petrol,Automatic,Second,187517,2218.31
Ford,Escape,2022,1200,66.1,Petrol,Manual,Second,13407,18000.06
Chevrolet,Traverse,2011,1100,72.5,Electric,Automatic,First,111557,7039.65
Honda,Accord,2014,1200,77.1,Hybrid,Manual,First,99482,6836.74
BMW,3 Series,2016,2400,126.9,Petrol,Automatic,Second,89256,25716.03
Audi,Q7,2006,2500,132.3,Diesel,Automatic,Second,155450,10355.82
BMW,5 Series,2016,2000,96.2,Diesel,Automatic,Second,89725,26868.38
Toyota,Highlander,2008,800,60.0,Hybrid,Manual,Second,167474,3263.39
Toyota,Highlander,2008,1700,81.0,Diesel,Automatic,First,163469,4094.38
Hyundai,Elantra,2011,800,60.0,Petrol,Manual,Second,111079,2736.33
Toyota,Camry,2005,800,60.0,Petrol,Manual,Second,226922,2740.43
Mercedes,GLE,2008,2400,127.9,Diesel,Automatic,First,277814,13387.56
Toyota,RAV4,2010,1500,98.1,Petrol,Automatic,First,191234,3881.91
Kia,Optima,2015,800,60.0,Diesel,Manual,Second,89135,4622.01
Ford,Explorer,2021,1000,60.0,Petrol,Automatic,First,31633,19701.6
Honda,Accord,2011,1400,72.6,Petrol,Automatic,First,166215,4343.74
Audi,A3,2011,2700,123.6,Petrol,Automatic,First,168102,11899.82
Honda,Civic,2020,1200,60.0,Petrol,Manual,First,57349,12397.86
Audi,A6,2020,2100,97.6,Diesel,Automatic,Second,45233,38295.18
Kia,Soul,2008,1500,85.4,Petrol,Automatic,Second,219397,1984.88
Chevrolet,Camaro,2007,1200,77.2,Petrol,Automatic,Second,218458,3112.3
Honda,Pilot,2006,1200,76.9,Petrol,Automatic,First,303794,3165.8
Toyota,Highlander,2008,1100,60.0,Petrol,Manual,Second,132683,3414.89
Chevrolet,Camaro,2008,1600,118.7,Diesel,Automatic,First,179691,4195.95
Toyota,RAV4,2018,800,60.0,Petrol,Automatic,Third,36872,9335.85
Chevrolet,Camaro,2011,1300,83.1,Electric,Automatic,Second,157092,5336.8
Honda,Civic,2012,1000,60.0,Hybrid,Manual,First,121737,5052.93
Hyundai,Sonata,2020,900,60.5,Petrol,Automatic,First,57761,10443.41
Toyota,Camry,2009,1300,73.1,Petrol,Automatic,Third,137311,3034.09
Mercedes,GLC,2010,2900,146.0,Petrol,Automatic,Second,123308,15274.69
Ford,Escape,2019,1100,63.7,Petrol,Manual,First,37711,16073.06
Nissan,Rogue,2008,800,60.0,Petrol,Automatic,Second,155261,2738.7
Hyundai,Sonata,2020,1200,63.8,Petrol,Manual,First,48757,10478.25
Honda,Pilot,2009,900,60.0,Petrol,Manual,First,98196,3729.35
Audi,Q5,2016,2500,120.5,Diesel,Automatic,Third,39724,22194.34
Mercedes,E-Class,2012,2100,124.0,Diesel,Automatic,Second,120173,20145.19
Mercedes,E-Class,2016,1900,88.4,Hybrid,Automatic,First,114508,35465.88
Chevrolet,Equinox,2016,1300,69.3,Electric,Automatic,Second,71060,11202.39
Nissan,Rogue,2014,1200,62.2,Petrol,Manual,First,156428,5277.48
Mercedes,C-Class,2010,2400,126.5,Petrol,Automatic,Second,185755,13671.77
Chevrolet,Equinox,2008,1400,92.4,Petrol,Automatic,First,164524,3977.81
Honda,CR-V,2014,1400,80.5,Hybrid,Automatic,First,131379,6653.57
Toyota,Highlander,2022,800,60.0,Hybrid,Automatic,First,28086,20658.98
Ford,Mustang,2006,1500,93.4,Petrol,Manual,Second,242339,2941.74
Hyundai,Tucson,2008,900,60.0,Petrol,Automatic,Third,69242,2634.11
Honda,Accord,2005,1300,75.8,Hybrid,Automatic,Second,222107,2987.85
Hyundai,Santa Fe,2007,900,60.0,Petrol,Automatic,Second,214866,1977.24
Mercedes,C-Class,2018,2100,113.9,Petrol,Manual,First,72196,41999.42
Ford,F-150,2006,1700,82.9,Petrol,Manual,First,287290,3385.56
Toyota,Camry,2009,1400,98.2,Petrol,Manual,Second,173049,3378.85
Kia,Stinger,2008,1300,80.4,Petrol,Manual,Second,127509,2260.23
Mercedes,GLE,2005,2700,153.5,Diesel,Manual,First,199289,13815.13
Audi,A6,2007,1900,106.8,Diesel,Automatic,Second,170831,9823.45
Mercedes,GLC,2017,2200,128.8,Petrol,Manual,Second,57630,29861.09
Chevrolet,Traverse,2016,1100,64.0,Diesel,Manual,First,80510,9249.28
Ford,Escape,2015,1700,96.8,Petrol,Manual,Second,83594,8698.77
Toyota,Corolla,2005,1400,74.2,Petrol,Automatic,Third,134092,2978.76
Ford,Escape,2019,1300,82.4,Diesel,Automatic,Second,65482,14928.57
Ford,Mustang,2010,1100,60.0,Hybrid,Automatic,First,223924,5026.51
Hyundai,Elantra,2012,1000,60.0,Diesel,Manual,Second,122699,3405.8
Audi,Q5,2015,2100,116.1,Petrol,Automatic,Third,83931,16315.29
Hyundai,Elantra,2008,1000,60.0,Diesel,Automatic,First,216309,2557.36
Mercedes,GLE,2019,2300,112.6,Electric,Manual,Second,62118,41807.39
Chevrolet,Camaro,2006,1400,87.6,Petrol,Manual,Second,185857,3137.68
Chevrolet,Malibu,2022,1100,60.4,Electric,Manual,First,21222,22333.0
Ford,Explorer,2019,800,60.0,Petrol,Manual,First,56279,14588.45
Hyundai,Tucson,2018,1500,76.6,Electric,Automatic,First,98278,8753.08
Honda,HR-V,2006,1200,82.4,Electric,Automatic,First,274260,3544.28
Honda,HR-V,2005,1400,84.8,Petrol,Automatic,First,166030,3193.7
Ford,Mustang,2019,1400,69.7,Diesel,Automatic,First,41884,17650.24
Nissan,Sentra,2021,1000,64.3,Hybrid,Manual,First,59549,15463.71
BMW,3 Series,2019,1900,121.4,Hybrid,Manual,First,77580,40816.19
Toyota,Corolla,2008,1600,90.7,Petrol,Manual,First,220041,3256.61
Kia,Sorento,2022,1700,93.0,Diesel,Manual,First,21238,13564.02
Toyota,Highlander,2021,1100,62.0,Diesel,Automatic,First,23760,19086.85
Kia,Sorento,2010,800,63.6,Hybrid,Manual,First,181858,3059.24
Ford,F-150,2018,1400,75.8,Petrol,Automatic,Third,63450,10629.12
Hyundai,Elantra,2015,1000,60.0,Petrol,Manual,Second,122285,4710.32
Audi,Q5,2015,2100,121.6,Petrol,Automatic,First,108003,21332.19
Kia,Sorento,2012,1100,60.0,Electric,Automatic,First,89548,4880.73
Honda,Pilot,2022,900,60.0,Petrol,Automatic,First,23440,18231.71
Honda,HR-V,2010,1200,60.0,Diesel,Automatic,First,147800,4101.95
Chevrolet,Silverado,2008,1400,77.1,Petrol,Automatic,Third,128465,3352.58
Toyota,Camry,2011,1200,60.0,Petrol,Manual,Second,116816,4292.92
Chevrolet,Malibu,2012,1300,62.0,Petrol,Manual,Second,149626,4463.79
Mercedes,C-Class,2017,2500,124.8,Petrol,Automatic,First,54948,43199.62
Ford,Mustang,2007,1500,87.4,Hybrid,Automatic,First,218726,4747.05
Kia,Optima,2017,800,60.0,Hybrid,Automatic,Second,64309,7389.88
Mercedes,A-Class,2011,2700,148.2,Hybrid,Automatic,First,166296,18830.26
Chevrolet,Traverse,2022,1200,93.4,Petrol,Automatic,Second,13019,19515.29
Toyota,Highlander,2022,1000,60.0,Electric,Manual,Third,16918,17229.76
Chevrolet,Traverse,2011,1600,81.5,Diesel,Manual,Third,127966,3630.93
BMW,M3,2021,2400,132.5,Petrol,Automatic,First,32247,55431.62
Ford,Mustang,2009,1900,76.3,Hybrid,Automatic,First,144380,5017.85
Mercedes,GLC,2018,3100,169.7,Diesel,Manual,First,85261,44890.87
Toyota,Camry,2020,1300,61.0,Diesel,Manual,First,52669,15008.67
Ford,F-150,2017,1200,60.0,Petrol,Automatic,Second,104412,10957.38
BMW,M3,2013,2200,110.6,Petrol,Automatic,Second,122101,16275.95
Toyota,Prius,2009,1500,80.9,Electric,Manual,Second,121607,3765.62
Ford,Mustang,2014,1200,60.0,Petrol,Manual,Second,97032,6630.28
Chevrolet,Camaro,2006,1400,65.7,Petrol,Automatic,Third,164224,2889.29
BMW,X5,2008,2300,129.3,Petrol,Automatic,First,137111,12876.24
Nissan,Sentra,2020,1200,72.0,Diesel,Manual,First,45002,12284.45
Honda,CR-V,2018,1300,77.2,Petrol,Automatic,Second,53656,10059.52
Toyota,Corolla,2006,1200,71.0,Petrol,Automatic,Second,241309,2825.97
BMW,3 Series,2014,1800,95.5,Petrol,Automatic,First,146509,20643.32
Kia,Soul,2007,1400,82.5,Petrol,Manual,First,278158,2076.89
BMW,X3,2010,1900,133.0,Petrol,Manual,Second,148812,10473.62
Honda,Pilot,2017,1200,68.8,Petrol,Automatic,First,85974,9389.74
Ford,Explorer,2012,2000,105.6,Hybrid,Automatic,Second,86189,6952.63
BMW,X3,2014,2600,122.7,Hybrid,Automatic,First,124072,26274.42
Ford,Escape,2007,1600,84.7,Petrol,Automatic,First,172990,4467.74
Audi,A3,2018,1800,115.1,Hybrid,Manual,First,89129,33851.7
BMW,3 Series,2018,2200,138.9,Hybrid,Automatic,Second,44584,35478.89
Honda,CR-V,2013,1800,94.2,Hybrid,Manual,First,176523,5347.68
Hyundai,Tucson,2007,900,61.2,Petrol,Manual,First,179300,2645.38
Honda,HR-V,2013,1200,73.6,Petrol,Automatic,First,148974,5975.4
Chevrolet,Malibu,2008,1500,82.1,Diesel,Automatic,First,142260,4197.81
Hyundai,Santa Fe,2021,900,60.0,Petrol,Manual,First,55046,10690.25
BMW,3 Series,2012,2500,121.6,Petrol,Automatic,First,82364,19124.2
Honda,CR-V,2006,800,68.8,Petrol,Manual,First,273323,2764.87
Audi,Q5,2021,1900,98.1,Hybrid,Manual,Third,34903,37376.47
Kia,Stinger,2011,800,60.0,Petrol,Automatic,Second,117853,3151.59
Chevrolet,Silverado,2016,1300,72.7,Petrol,Automatic,Third,63381,6652.96
Mercedes,GLC,2005,2700,160.0,Petrol,Automatic,Second,220456,11008.34
Nissan,Pathfinder,2012,800,60.0,Hybrid,Manual,Second,89521,4497.96
Toyota,RAV4,2021,1200,62.0,Petrol,Automatic,Third,35456,14334.99
Nissan,Rogue,2016,800,60.0,Petrol,Automatic,Second,129276,6259.43
Hyundai,Sonata,2010,1100,61.5,Petrol,Manual,Second,114271,2819.56
Ford,Focus,2005,1300,81.9,Petrol,Manual,First,292429,3146.25
Ford,Explorer,2011,1400,80.1,Hybrid,Manual,Second,174315,4670.8
Toyota,Highlander,2013,1700,108.3,Petrol,Manual,Second,175634,4445.92
Audi,A6,2017,2300,146.6,Petrol,Manual,First,73744,26528.81
Kia,Stinger,2022,800,60.0,Petrol,Manual,First,41866,12324.64
Hyundai,Elantra,2021,800,60.0,Diesel,Automatic,First,40962,13266.62
Hyundai,Elantra,2014,1500,87.7,Petrol,Manual,Second,73215,4428.58
Mercedes,GLE,2005,2500,138.1,Diesel,Automatic,First,239805,12749.31
Ford,F-150,2020,1400,73.9,Petrol,Automatic,Second,32310,15751.23
Honda,Accord,2011,1300,60.0,Diesel,Manual,Third,38118,4032.15
Ford,Mustang,2016,1600,79.5,Electric,Automatic,First,77369,12278.69
Audi,A4,2005,2100,108.0,Diesel,Automatic,First,139442,12598.3
Ford,Explorer,2019,1900,102.1,Petrol,Automatic,First,86881,16608.82
Chevrolet,Equinox,2011,900,60.0,Diesel,Automatic,Second,160156,4379.77
Ford,Explorer,2005,1700,82.5,Hybrid,Manual,First,276092,4089.68
Kia,Optima,2017,800,60.0,Petrol,Automatic,Second,94928,6355.78
Audi,A6,2011,1900,124.6,Petrol,Automatic,First,157213,12274.62
Hyundai,Sonata,2014,800,60.0,Petrol,Manual,First,94877,5023.11
Chevrolet,Camaro,2013,1600,92.4,Petrol,Manual,Second,132854,5253.02
Toyota,RAV4,2017,1000,60.0,Petrol,Automatic,Second,55447,9367.09
Hyundai,Santa Fe,2014,800,60.0,Petrol,Manual,First,178334,4738.74
Toyota,Camry,2010,1200,69.5,Petrol,Automatic,First,167782,4031.93
Toyota,Prius,2008,1500,84.9,Diesel,Automatic,Second,133874,3788.18
Nissan,Altima,2011,800,60.0,Hybrid,Manual,First,123474,4327.92
Hyundai,Sonata,2022,1300,68.0,Petrol,Manual,First,29313,12645.99
Nissan,Murano,2018,1200,75.4,Electric,Automatic,Second,52004,10858.91
Mercedes,GLE,2019,2500,145.2,Petrol,Automatic,First,52226,50134.67
Hyundai,Kona,2020,1200,70.5,Petrol,Automatic,Second,33357,9203.95
Toyota,Corolla,2017,1500,91.9,Petrol,Automatic,Second,75431,9806.81
Toyota,Corolla,2014,1300,60.2,Petrol,Manual,Second,86108,5868.02
BMW,X3,2010,2400,132.8,Diesel,Manual,First,210490,12281.99
Mercedes,GLC,2012,2600,139.2,Petrol,Automatic,First,164964,19233.8
Nissan,Rogue,2022,900,60.0,Hybrid,Manual,Third,19224,11801.72
Audi,A3,2022,2700,150.3,Petrol,Manual,Second,26533,43812.78
Audi,Q7,2020,2100,103.6,Diesel,Manual,First,54274,33753.04
BMW,X5,2009,1900,101.3,Petrol,Automatic,Second,164879,9981.83
Ford,Mustang,2019,1200,60.0,Petrol,Automatic,First,41537,16424.13
Toyota,Prius,2019,1800,99.3,Petrol,Automatic,Third,42274,10861.08
Hyundai,Kona,2017,800,60.0,Petrol,Automatic,First,104329,7051.41
Audi,A3,2012,1900,119.0,Petrol,Automatic,First,133386,14838.61
Nissan,Pathfinder,2005,800,60.0,Petrol,Automatic,First,241846,2605.0
Ford,Mustang,2007,1100,70.7,Diesel,Manual,First,232195,3944.21
Chevrolet,Equinox,2011,1000,60.0,Petrol,Manual,Second,76455,4595.07
Hyundai,Tucson,2011,1300,66.0,Electric,Automatic,Second,144035,3717.88
Nissan,Altima,2012,1300,80.3,Petrol,Automatic,Second,121323,4206.12
Honda,Civic,2013,1200,67.1,Diesel,Automatic,First,77886,6603.28
Hyundai,Kona,2012,1200,60.0,Diesel,Automatic,Second,134699,3687.23
Toyota,Prius,2006,1300,77.2,Petrol,Automatic,Second,257624,2765.15
BMW,3 Series,2014,1900,115.4,Petrol,Manual,First,99223,20060.33
Toyota,Corolla,2011,1100,60.0,Petrol,Manual,First,183129,4173.16
Honda,HR-V,2012,1500,75.5,Petrol,Automatic,First,155505,4786.51
Hyundai,Kona,2008,800,60.0,Petrol,Manual,First,119355,2968.33
BMW,5 Series,2007,2300,127.2,Petrol,Automatic,First,232993,10546.59
Hyundai,Santa Fe,2010,1100,60.0,Petrol,Manual,First,189618,2656.45
Toyota,Corolla,2010,1500,93.2,Diesel,Automatic,First,156479,4510.1
Honda,Accord,2013,1100,60.0,Diesel,Manual,First,143475,5014.24
Honda,CR-V,2018,1100,60.0,Diesel,Automatic,First,66001,12224.28
Toyota,Corolla,2011,1200,60.0,Diesel,Automatic,First,152071,5108.45
Audi,Q5,2006,2100,128.4,Hybrid,Automatic,Second,192791,10159.98
Audi,A6,2006,1500,82.4,Electric,Manual,Third,189767,7946.65
Kia,Stinger,2013,1600,97.1,Hybrid,Automatic,First,161289,4785.73
BMW,X3,2009,2300,139.6,Diesel,Automatic,Third,68002,11814.91
Audi,Q5,2008,1600,81.3,Electric,Automatic,First,185596,12354.54
Hyundai,Elantra,2005,1400,78.2,Diesel,Manual,First,147991,2852.62
BMW,X3,2012,2100,119.8,Diesel,Manual,First,134947,15558.65
Kia,Optima,2007,1000,63.4,Petrol,Manual,Second,248924,1988.78
Honda,Pilot,2017,800,60.0,Electric,Automatic,Second,78238,9420.13
BMW,5 Series,2010,2600,154.1,Electric,Manual,Second,153462,12674.96
Ford,Escape,2007,1000,60.0,Petrol,Automatic,Second,162543,4098.44
Toyota,Camry,2007,1100,61.6,Petrol,Manual,Second,139089,3659.84
Toyota,Corolla,2022,1200,74.6,Electric,Automatic,Second,32853,19102.74
Chevrolet,Traverse,2017,1000,60.0,Petrol,Manual,First,87027,9984.28
Toyota,Highlander,2018,1300,84.5,Petrol,Automatic,Second,55747,10955.28
Mercedes,C-Class,2009,2600,143.8,Petrol,Manual,First,255047,10626.86
BMW,3 Series,2009,2300,118.5,Petrol,Manual,First,189231,10619.0
Nissan,Murano,2022,1100,73.9,Diesel,Manual,Second,24107,14566.59
Toyota,RAV4,2010,800,60.0,Hybrid,Manual,First,175337,4742.89
Mercedes,A-Class,2016,2300,109.1,Petrol,Manual,Third,64892,25599.7
Nissan,Sentra,2010,800,60.0,Petrol,Automatic,First,215396,2925.9
Chevrolet,Malibu,2013,1600,73.3,Petrol,Manual,First,84586,6212.3
Mercedes,GLC,2013,2500,134.8,Diesel,Manual,First,105500,23262.93
Hyundai,Sonata,2014,1300,86.8,Diesel,Automatic,Second,70802,5612.19
Ford,Mustang,2009,1600,87.7,Electric,Manual,Second,159524,4466.19
Honda,HR-V,2022,1000,60.0,Petrol,Automatic,First,14778,16617.3
Hyundai,Santa Fe,2005,1400,109.5,Hybrid,Automatic,First,242199,2373.37
Toyota,Camry,2019,1400,76.2,Petrol,Manual,First,80686,11406.76
Honda,Accord,2012,1000,60.0,Diesel,Automatic,First,109270,5892.4
Nissan,Altima,2015,900,60.0,Hybrid,Manual,Second,77997,6467.93
Audi,Q7,2010,1800,102.9,Diesel,Automatic,First,200487,10868.38
Hyundai,Tucson,2006,900,60.0,Petrol,Automatic,First,246851,2538.28
Nissan,Murano,2016,1300,69.5,Petrol,Manual,First,83677,7336.9
Toyota,Highlander,2009,1800,104.3,Hybrid,Manual,First,229260,3460.26
Nissan,Sentra,2019,900,60.0,Petrol,Automatic,First,87014,10461.38
Mercedes,GLE,2015,2200,129.8,Electric,Automatic,First,155328,33408.17
Chevrolet,Camaro,2015,1600,88.2,Diesel,Automatic,Third,76398,6543.31
Toyota,Corolla,2017,1100,71.9,Electric,Automatic,Second,48495,10801.74
Kia,Sorento,2021,800,63.3,Petrol,Automatic,First,24838,11721.89
Nissan,Sentra,2012,1100,73.3,Diesel,Automatic,First,123852,4630.32
Chevrolet,Traverse,2014,1600,94.3,Petrol,Manual,Second,119621,5832.49
Kia,Sportage,2022,1000,60.4,Diesel,Manual,Second,27579,11196.82
Hyundai,Sonata,2014,1500,77.8,Petrol,Automatic,Second,123994,4469.21
Kia,Sportage,2021,1700,87.8,Petrol,Automatic,First,32779,11907.35
Hyundai,Santa Fe,2008,1700,94.3,Electric,Automatic,Second,155723,2949.31
Toyota,RAV4,2008,1600,61.4,Petrol,Automatic,First,213878,3483.01
Toyota,Camry,2022,1200,65.7,Electric,Manual,First,15502,21920.89
Chevrolet,Silverado,2011,1800,102.0,Electric,Manual,First,176025,5430.61
Chevrolet,Silverado,2012,1300,88.6,Petrol,Automatic,Second,118254,5373.74
Hyundai,Santa Fe,2021,1700,96.1,Diesel,Manual,Third,19165,9056.52
Nissan,Pathfinder,2006,900,70.0,Petrol,Automatic,First,275500,2708.7
Chevrolet,Malibu,2005,800,60.0,Petrol,Automatic,First,278079,3457.1
Audi,A4,2011,2700,142.4,Petrol,Automatic,Second,198063,11260.4
Honda,CR-V,2014,1200,60.0,Petrol,Automatic,Second,70257,6237.11
Honda,HR-V,2013,1300,69.2,Petrol,Automatic,Third,69492,4921.61
Toyota,Camry,2006,1400,72.7,Petrol,Automatic,Second,153959,3174.05
Chevrolet,Traverse,2007,1200,79.8,Hybrid,Automatic,Second,324602,3063.14
Kia,Optima,2007,800,60.0,Hybrid,Automatic,Third,176727,2160.64
Ford,Focus,2016,1200,73.9,Petrol,Automatic,Third,55410,8821.42
Chevrolet,Traverse,2015,1500,66.0,Diesel,Automatic,Second,117497,7732.87
Honda,Civic,2016,1400,77.2,Hybrid,Manual,First,88871,10206.03
Ford,Escape,2014,1700,80.4,Petrol,Automatic,First,148361,7787.91
Nissan,Rogue,2019,800,60.4,Petrol,Manual,First,73749,10413.5
Mercedes,GLC,2009,2700,162.3,Petrol,Automatic,First,219968,11841.69
Kia,Sorento,2020,900,66.3,Hybrid,Automatic,Third,61032,9029.13
Mercedes,C-Class,2011,2800,175.6,Petrol,Automatic,First,94996,21453.57
Chevrolet,Silverado,2022,1400,60.0,Diesel,Automatic,Second,12759,18311.28
Honda,Pilot,2008,1700,89.3,Diesel,Automatic,First,188744,3475.17
Hyundai,Tucson,2017,800,60.0,Petrol,Manual,Second,56732,6340.44
Ford,F-150,2006,1900,97.9,Hybrid,Manual,First,207103,4042.4
Hyundai,Tucson,2011,800,64.2,Petrol,Manual,First,230649,2639.38
Kia,Sportage,2006,900,60.9,Petrol,Automatic,Second,183192,2283.15
Toyota,Camry,2008,1000,60.0,Diesel,Automatic,Third,123325,3317.52
Mercedes,GLE,2011,2600,160.2,Diesel,Automatic,Second,111537,16773.97
Mercedes,GLC,2009,2800,158.9,Diesel,Automatic,First,134734,16324.51
Toyota,RAV4,2021,1100,60.0,Diesel,Automatic,First,46713,18308.33
Toyota,Camry,2006,1400,76.6,Diesel,Automatic,Second,203394,3285.16
Toyota,Highlander,2010,800,60.0,Petrol,Automatic,First,144425,4249.2
Chevrolet,Camaro,2022,1300,68.7,Petrol,Manual,First,33911,18408.05
Ford,Escape,2016,1300,76.9,Hybrid,Automatic,Second,51685,12477.71
Honda,CR-V,2020,1500,83.1,Diesel,Automatic,First,47074,15695.61
Ford,Explorer,2020,1800,104.5,Petrol,Automatic,Second,39664,17879.3
Hyundai,Sonata,2011,1500,91.7,Petrol,Automatic,First,183049,3339.65
Hyundai,Elantra,2018,1100,60.0,Electric,Manual,First,63950,9668.22
Ford,Explorer,2018,1300,71.7,Petrol,Manual,First,79609,12469.13
Ford,F-150,2019,1500,94.0,Petrol,Manual,First,55785,14000.32
Toyota,Prius,2005,1300,70.3,Petrol,Automatic,Second,193714,3208.38
Toyota,Highlander,2017,1500,82.6,Diesel,Manual,First,59411,11113.41
Toyota,Highlander,2010,900,60.0,Hybrid,Automatic,First,197146,4173.56
Chevrolet,Malibu,2017,1600,100.5,Petrol,Manual,First,89472,9745.63
Chevrolet,Traverse,2012,1200,61.4,Diesel,Automatic,First,156823,5816.19
BMW,5 Series,2007,1700,104.8,Petrol,Automatic,First,206408,11275.7
BMW,X3,2010,2400,137.3,Diesel,Automatic,First,241288,11828.43
Kia,Sportage,2014,1200,68.0,Petrol,Automatic,Third,105628,3789.46
Hyundai,Santa Fe,2020,800,60.0,Hybrid,Automatic,First,77184,11975.77
BMW,X3,2008,1600,95.5,Hybrid,Automatic,Second,177816,11560.17
Mercedes,GLE,2016,2400,117.7,Petrol,Automatic,First,95325,36565.57
Nissan,Rogue,2012,800,60.0,Petrol,Automatic,Second,118892,4252.74
Honda,HR-V,2014,900,60.0,Diesel,Automatic,Third,103945,5020.37
Mercedes,A-Class,2005,2600,142.6,Petrol,Automatic,Second,202584,12542.73
Nissan,Sentra,2019,900,63.5,Diesel,Manual,Third,33681,8325.61
Honda,HR-V,2014,1100,60.0,Petrol,Automatic,Second,154810,5190.09
Honda,Accord,2019,1100,60.0,Petrol,Automatic,Second,61208,11310.03
Nissan,Altima,2013,1200,60.6,Hybrid,Automatic,First,149219,5558.94
Mercedes,A-Class,2008,2600,136.9,Petrol,Manual,Third,139368,11004.31
Honda,Civic,2013,1600,92.1,Petrol,Manual,First,105630,5438.94
Mercedes,GLC,2010,2100,115.8,Hybrid,Automatic,Second,124857,17885.79
Nissan,Pathfinder,2018,1400,71.0,Petrol,Automatic,First,76975,9720.64
Honda,Accord,2008,1400,66.0,Petrol,Automatic,First,181684,3082.12
Toyota,Prius,2009,1300,73.6,Hybrid,Manual,Second,117269,3580.44
Toyota,RAV4,2010,1200,65.5,Petrol,Automatic,First,170143,4030.71
Kia,Stinger,2013,1300,84.6,Hybrid,Manual,Second,54085,4587.02
Audi,Q7,2013,1900,105.8,Hybrid,Manual,First,115519,16817.38
Hyundai,Sonata,2006,1700,97.7,Petrol,Automatic,Second,264101,2049.01
Hyundai,Elantra,2016,800,60.0,Petrol,Automatic,First,115737,6235.08
Toyota,Corolla,2014,1600,98.1,Petrol,Automatic,First,57127,8212.23
Kia,Soul,2012,1200,60.0,Electric,Automatic,Second,181865,3509.09
Honda,HR-V,2006,1200,84.8,Diesel,Manual,First,202964,3472.44
Toyota,Corolla,2019,1100,60.0,Diesel,Automatic,Second,41547,12234.22
Toyota,Camry,2018,1500,68.3,Petrol,Manual,First,53187,11285.63
Toyota,Camry,2007,1100,62.9,Petrol,Manual,Second,166308,2930.23
Honda,HR-V,2014,1300,79.3,Diesel,Automatic,First,118012,7333.48
Ford,Escape,2008,1300,63.3,Petrol,Manual,First,121406,4490.96
Toyota,Highlander,2019,900,60.0,Diesel,Manual,Second,25404,10826.38
Honda,Accord,2022,1500,90.2,Diesel,Manual,First,19216,18687.5
Mercedes,GLC,2013,2900,180.6,Petrol,Automatic,First,152177,21788.42
Audi,A3,2022,2000,119.1,Petrol,Automatic,First,24950,53789.0
Hyundai,Tucson,2011,1200,67.9,Petrol,Automatic,Second,164724,2906.27
Kia,Stinger,2006,900,60.0,Petrol,Manual,Second,284533,1718.36
Audi,Q5,2022,2500,133.9,Petrol,Automatic,First,20798,51664.03
Audi,A6,2010,1800,92.3,Diesel,Automatic,Second,148445,11803.75
Honda,Accord,2006,800,60.0,Diesel,Manual,Second,248155,2513.09
Chevrolet,Equinox,2021,1300,60.0,Petrol,Automatic,Second,27665,14413.49
Chevrolet,Camaro,2007,1300,69.1,Hybrid,Automatic,First,217412,4103.89
Honda,HR-V,2014,1100,60.0,Petrol,Automatic,Third,65717,5117.32
Ford,Explorer,2022,1600,96.6,Hybrid,Automatic,Second,8613,24692.83
Kia,Soul,2011,800,60.0,Petrol,Automatic,Second,136168,3119.28
Honda,Accord,2016,1000,60.0,Electric,Manual,Second,73811,8125.62
Honda,Accord,2008,1000,60.0,Hybrid,Manual,First,128019,4090.51
Hyundai,Santa Fe,2020,1100,60.0,Electric,Automatic,Third,40032,10180.18
Kia,Sportage,2013,800,60.0,Diesel,Automatic,Second,54615,4570.95
Kia,Sportage,2005,900,60.0,Diesel,Automatic,First,109944,3233.18
Chevrolet,Traverse,2012,1500,89.6,Petrol,Manual,Second,89161,5227.95
Audi,A4,2010,1500,80.0,Petrol,Manual,First,180259,9750.96
Chevrolet,Malibu,2010,1100,62.1,Petrol,Automatic,Second,159913,3822.25
Audi,Q7,2019,1800,79.4,Diesel,Automatic,First,42165,37686.51
Toyota,Camry,2014,1500,70.6,Petrol,Manual,First,89125,7044.58
Honda,Pilot,2016,800,60.0,Diesel,Automatic,Second,105414,7048.3
Ford,Focus,2017,1300,69.2,Diesel,Automatic,Second,38134,13147.33
Mercedes,C-Class,2020,2700,158.2,Petrol,Automatic,First,42635,57642.58
Chevrolet,Equinox,2016,1400,77.9,Petrol,Manual,Third,71096,6843.8
Kia,Soul,2011,1200,68.7,Diesel,Automatic,First,168984,3417.5
Ford,Explorer,2016,1100,65.0,Hybrid,Automatic,Second,97513,10247.68
Honda,Pilot,2019,1200,62.8,Petrol,Manual,First,72588,10107.39
Toyota,Highlander,2011,800,60.0,Diesel,Manual,Second,143181,4530.4
Toyota,Corolla,2010,1800,102.1,Hybrid,Manual,First,169348,4538.82
Toyota,RAV4,2007,1200,66.6,Diesel,Automatic,Third,57461,3622.35
Ford,Explorer,2006,2200,127.2,Diesel,Manual,Second,200699,3654.02
Mercedes,A-Class,2008,3600,205.5,Petrol,Automatic,Third,133618,11862.12
Nissan,Pathfinder,2021,1200,68.5,Petrol,Manual,First,31593,13520.7
Audi,Q5,2012,2500,115.2,Petrol,Automatic,First,193363,13331.42
Ford,Mustang,2022,1000,60.0,Diesel,Automatic,First,19247,22950.7
Honda,CR-V,2020,900,60.0,Hybrid,Automatic,First,42264,16333.6
Audi,A6,2015,2300,139.7,Diesel,Manual,First,137642,18488.61
Ford,Mustang,2007,1400,87.4,Petrol,Manual,First,261547,3496.99
Nissan,Sentra,2012,1400,92.3,Diesel,Automatic,Second,150444,4032.25
Kia,Sportage,2005,1900,98.3,Diesel,Manual,First,280052,2202.55
Hyundai,Sonata,2019,900,60.0,Petrol,Automatic,Second,73274,8650.14
Hyundai,Tucson,2009,900,60.0,Petrol,Automatic,First,243281,2223.67
BMW,5 Series,2010,2500,134.1,Petrol,Automatic,Second,117764,11395.32
Toyota,Highlander,2006,900,60.0,Hybrid,Automatic,Third,116138,3494.1
Chevrolet,Equinox,2007,1600,105.4,Electric,Manual,Second,193298,3763.6
Hyundai,Kona,2014,800,60.0,Diesel,Automatic,Second,108417,4702.68
Toyota,Corolla,2005,1300,66.4,Diesel,Manual,Second,254625,2709.18
BMW,X3,2012,2400,148.2,Petrol,Automatic,First,132579,17017.64
Toyota,RAV4,2010,800,60.0,Petrol,Automatic,First,186885,4063.31
Honda,HR-V,2009,900,60.0,Diesel,Automatic,Third,122899,2897.72
Toyota,Highlander,2005,1400,81.6,Diesel,Automatic,Second,156078,3430.76
Ford,Escape,2008,1200,60.0,Hybrid,Automatic,Third,164414,3686.72
Nissan,Rogue,2013,1600,75.9,Diesel,Manual,Second,54122,5324.16
Toyota,Corolla,2021,1700,82.4,Petrol,Automatic,First,45920,17645.88
Toyota,RAV4,2012,1700,110.6,Electric,Manual,Third,155512,4493.36
Honda,HR-V,2005,1600,72.4,Petrol,Automatic,First,165657,3744.35
Kia,Stinger,2006,1000,60.0,Hybrid,Manual,First,175221,2776.2
Honda,Civic,2016,900,70.9,Petrol,Manual,Second,103954,6647.47
Toyota,Camry,2007,1200,67.3,Petrol,Manual,First,267885,2816.31
Nissan,Sentra,2008,800,60.0,Hybrid,Manual,Third,183790,2439.46
Ford,Explorer,2022,1500,73.5,Petrol,Automatic,Second,21106,19955.42
Mercedes,C-Class,2011,2600,125.1,Hybrid,Manual,First,130726,19642.76
Kia,Sportage,2011,800,60.0,Diesel,Manual,Second,175618,2774.7
Toyota,Highlander,2012,1700,85.1,Petrol,Automatic,Second,103016,5072.37
Honda,Civic,2021,900,60.0,Hybrid,Automatic,First,34891,19113.25
BMW,X5,2012,2200,131.9,Petrol,Manual,Third,133332,12666.85
BMW,X3,2006,2400,153.6,Diesel,Automatic,Third,112324,10582.89
Kia,Soul,2012,1100,66.1,Hybrid,Automatic,First,177398,3635.93
Honda,Civic,2021,1000,60.0,Petrol,Automatic,Second,46098,13142.85
Toyota,Camry,2009,800,60.0,Hybrid,Automatic,Second,160962,3528.88
Toyota,Camry,2021,1600,90.7,Diesel,Automatic,Third,23083,13716.11
Hyundai,Elantra,2013,1000,60.0,Electric,Automatic,Third,91230,4642.15
Nissan,Murano,2011,1100,60.0,Diesel,Automatic,Second,91091,4048.54
Hyundai,Tucson,2012,1400,82.8,Hybrid,Automatic,Second,162596,3763.98
Toyota,Highlander,2011,1300,66.7,Petrol,Automatic,Third,107724,3812.22
Chevrolet,Equinox,2008,1700,81.3,Electric,Manual,Second,226763,3495.86
Hyundai,Sonata,2011,900,60.0,Petrol,Automatic,Third,141050,2782.55
Mercedes,E-Class,2011,2400,139.2,Petrol,Automatic,Second,179046,14702.21
Nissan,Sentra,2006,1100,60.0,Electric,Automatic,Second,162432,3569.19
Chevrolet,Traverse,2017,1400,79.2,Diesel,Automatic,First,70703,11670.42
Honda,Pilot,2013,1300,80.2,Petrol,Automatic,Second,105977,5246.17
Hyundai,Santa Fe,2019,900,60.0,Petrol,Automatic,First,73345,9791.53
Honda,Accord,2008,1500,83.8,Petrol,Manual,First,293220,2762.87
Hyundai,Sonata,2008,1400,78.2,Diesel,Automatic,Third,142365,2384.07
Hyundai,Sonata,2015,1200,82.1,Diesel,Automatic,First,70636,6653.33
Audi,Q7,2019,1800,99.2,Petrol,Manual,First,70592,33264.05
Hyundai,Sonata,2019,800,60.0,Petrol,Manual,First,63087,8455.23
Toyota,Highlander,2017,1300,90.9,Petrol,Automatic,First,95806,10873.6
Nissan,Sentra,2005,1200,60.0,Electric,Automatic,First,248692,3206.57
Audi,A6,2020,2000,109.7,Diesel,Automatic,First,55949,45906.19
BMW,3 Series,2014,2400,146.9,Petrol,Automatic,Second,60201,21785.13
Chevrolet,Malibu,2020,1500,87.4,Petrol,Automatic,Second,71651,13676.03
Hyundai,Tucson,2018,1300,60.0,Electric,Manual,First,47367,9777.36
Toyota,Camry,2016,1700,91.7,Petrol,Manual,Second,96929,7656.32
Nissan,Pathfinder,2017,900,60.0,Petrol,Automatic,First,84963,8646.24
Honda,Pilot,2009,1800,74.0,Electric,Automatic,Second,211552,3534.88
Mercedes,E-Class,2007,2600,137.1,Diesel,Automatic,Third,167169,10718.26
Honda,HR-V,2012,900,60.0,Diesel,Automatic,First,115572,5710.56
Honda,Accord,2018,1300,72.1,Petrol,Automatic,Second,70994,9576.11
Kia,Stinger,2021,900,60.0,Petrol,Automatic,First,48134,11689.81
Honda,HR-V,2018,1000,60.0,Diesel,Manual,First,50499,10217.97
Hyundai,Sonata,2011,1900,108.8,Petrol,Automatic,Second,114309,3286.1
Nissan,Altima,2008,800,60.0,Diesel,Automatic,Third,185613,2525.63
Toyota,Camry,2014,900,64.1,Hybrid,Automatic,First,137294,6734.62
Toyota,Prius,2015,1600,107.2,Petrol,Automatic,First,99919,8638.95
Chevrolet,Silverado,2016,1400,76.1,Petrol,Automatic,First,80482,9326.81
Kia,Sportage,2011,1100,60.0,Diesel,Manual,First,193476,2971.24
Mercedes,E-Class,2013,2100,112.0,Petrol,Automatic,First,126600,24694.16
Honda,Pilot,2021,800,60.0,Petrol,Manual,Second,19940,12948.36
Nissan,Rogue,2005,900,60.0,Petrol,Manual,First,282905,2308.08
Toyota,RAV4,2013,1700,90.7,Diesel,Automatic,First,96665,6898.73
Toyota,RAV4,2021,800,60.0,Diesel,Automatic,First,48929,18935.17
Ford,Escape,2009,1700,117.3,Electric,Manual,First,173005,4651.8
Chevrolet,Camaro,2012,1000,62.2,Hybrid,Automatic,Second,82324,6370.58
Toyota,Corolla,2015,1400,85.1,Petrol,Manual,First,96426,7514.03
Chevrolet,Malibu,2007,1600,86.7,Hybrid,Automatic,Second,197865,4113.32
BMW,3 Series,2008,2000,121.5,Diesel,Automatic,Second,124996,12306.42
Toyota,RAV4,2013,800,60.0,Diesel,Automatic,Second,80143,6320.43
Kia,Optima,2014,800,60.0,Petrol,Automatic,First,201853,4031.49
Kia,Sorento,2006,1000,60.0,Diesel,Automatic,First,277637,2374.47
Toyota,RAV4,2018,900,69.6,Petrol,Automatic,Third,40803,9409.75
BMW,X5,2012,2100,113.6,Petrol,Automatic,First,143559,15864.35
Toyota,Camry,2009,1600,90.6,Diesel,Automatic,Second,85307,4477.27
Chevrolet,Traverse,2014,800,60.0,Petrol,Automatic,Second,93447,6616.3
Toyota,Corolla,2013,1500,87.4,Petrol,Manual,Second,148170,4179.42
Ford,Focus,2016,1900,90.0,Diesel,Manual,First,73090,10295.62
Kia,Soul,2007,1200,90.6,Petrol,Automatic,Second,212905,2280.86
Nissan,Sentra,2005,1500,91.7,Electric,Automatic,Third,155567,2798.1
Toyota,Corolla,2010,1700,95.2,Electric,Automatic,First,214742,4988.84
Kia,Optima,2013,900,60.0,Petrol,Automatic,Third,97842,3339.15
Toyota,Highlander,2010,900,60.0,Diesel,Manual,Second,170722,3606.06
Honda,Accord,2012,1800,101.5,Petrol,Automatic,First,154678,4994.1
Toyota,RAV4,2006,1600,88.5,Petrol,Automatic,Second,255826,2791.11
Chevrolet,Equinox,2015,1600,86.7,Diesel,Automatic,First,81923,9975.64
Chevrolet,Traverse,2014,1300,70.9,Petrol,Manual,First,167620,6141.09
Hyundai,Kona,2008,1300,62.6,Electric,Automatic,First,266775,2941.85
Ford,Focus,2019,1000,60.0,Electric,Automatic,First,43196,21095.03
BMW,X5,2013,2700,155.6,Petrol,Automatic,First,161110,18159.23
Toyota,Camry,2006,1500,80.4,Hybrid,Automatic,First,310597,3506.67
Ford,Escape,2022,1300,90.1,Petrol,Automatic,Third,15962,17655.69
Honda,Accord,2020,1000,63.1,Petrol,Automatic,Third,39106,10510.71
Audi,Q5,2011,1700,84.1,Petrol,Manual,First,133198,12311.27
